14,23,24,25,28,29,32,33,36,37,39,40,41,44,45,66,68,74,80,89,90,91,98,99,102,103,136,137,y
418851.49,3,5,2,29,28,22,11,149,78,0,6,6,1,1,2,2,1288.14,365859.88,3,5,2,22,13,147,86,1,40,0
0.0,3,5,2,31,30,22,13,151,90,0,6,6,1,1,9,6,0.01,14.1,3,5,2,22,13,151,90,0,26,0
0.0,3,5,2,31,30,22,11,147,75,0,6,6,1,1,3,1,0.01,19.95,3,5,2,22,11,147,78,1,49,0
3107.22,3,5,2,30,29,22,12,151,89,0,6,6,1,1,5,4,1254.32,10747.96,3,5,2,22,11,152,79,0,39,0
0.0,3,5,2,29,28,21,12,140,79,0,6,6,1,1,3,3,1.0,9996.93,3,5,2,21,9,139,57,1,48,0
0.0,3,5,2,31,30,22,13,152,91,0,6,6,1,1,13,10,9.9,12.7,3,5,2,22,12,152,90,1,30,0
0.07,3,5,2,30,28,22,10,151,75,0,5,5,0,0,2,1,11.97,358.06,3,5,2,22,13,152,91,1,49,0
0.03,3,5,2,31,27,22,11,151,82,0,6,6,1,1,3,3,100.0,880.03,3,5,2,22,11,151,81,1,32,0
93.25,3,5,2,28,20,21,11,143,75,1,6,5,1,1,3,3,2000.0,3093.25,3,5,2,21,11,140,73,1,38,0
3.52,3,5,2,30,27,22,12,151,88,0,6,6,1,1,4,4,400.0,403.52,3,5,2,22,11,151,76,1,58,0
10.01,3,5,2,31,29,22,12,148,84,0,6,6,1,1,10,8,100.0,461.73,3,5,2,22,12,147,80,1,35,0
0.0,3,5,2,30,20,22,10,151,71,4,6,2,1,1,3,2,1032.77,1033.0,3,5,2,22,11,147,72,0,34,0
0.0,3,5,2,30,28,18,7,123,49,0,6,6,1,1,2,2,0.01,0.75,4,4,0,17,3,116,22,1,43,0
220.61,3,5,2,31,30,22,13,152,91,0,6,6,1,1,4,4,170.0,2208.61,3,5,2,20,10,138,75,0,31,0
1.04,3,5,2,31,17,22,8,152,61,0,6,6,1,1,4,4,50.0,51.04,3,5,2,22,8,152,61,0,33,0
2.13,3,5,2,31,30,22,10,152,71,0,6,6,1,1,3,4,9.9,36.03,3,5,2,22,10,150,69,1,37,0
274.02,3,5,2,31,30,22,13,152,91,0,6,6,1,1,6,4,1000.0,4584.56,3,5,2,22,11,148,77,0,63,0
0.0,3,5,2,30,28,21,10,144,69,0,6,6,1,1,6,4,0.16,19.03,3,5,2,21,10,143,68,0,30,0
310904.99,3,5,2,31,30,21,11,140,77,0,6,6,1,1,4,4,22.19,312904.99,3,5,2,20,11,137,76,0,30,0
1849.6,3,5,2,31,29,22,12,152,90,0,6,6,1,1,4,4,18.3,3764.56,3,5,2,21,10,145,75,0,28,0
0.0,3,5,2,29,25,21,11,144,80,0,6,6,1,1,8,5,0.03,40.39,3,5,2,22,11,151,76,0,51,0
50.64,3,5,2,29,26,22,12,150,87,0,6,6,1,1,3,2,3.99,220.7,3,5,2,22,13,152,91,1,25,0
6.07,3,5,2,31,30,22,13,151,90,0,6,6,1,1,4,4,13.11,520.48,3,5,2,22,12,150,87,1,26,0
0.0,3,5,2,31,30,22,12,152,90,0,6,6,1,1,10,10,50.0,148.06,3,5,2,22,12,152,85,0,40,0
52.97,3,5,2,31,30,22,12,150,87,0,6,6,1,1,7,6,12.0,1857.56,3,5,2,22,12,150,87,0,37,0
7.6,3,5,2,30,29,22,13,148,87,0,6,6,1,1,3,2,80.0,107.6,3,5,2,22,12,148,81,0,28,0
1.38,3,5,2,31,30,22,12,152,90,0,6,6,1,1,7,6,0.1,375.8,3,5,2,22,12,150,84,1,28,0
29939.14,3,5,2,30,29,22,13,151,90,0,6,6,1,1,5,5,18.29,34586.85,3,5,2,20,9,136,61,1,29,0
41.93,3,5,2,31,30,22,13,152,91,0,6,6,1,1,2,2,200.26,666.93,3,5,2,22,9,152,63,0,43,0
0.0,3,5,2,31,30,22,13,152,91,0,6,6,1,1,18,12,20.0,188.83,3,5,2,22,12,152,88,1,41,0
10.59,3,5,2,31,30,20,10,137,75,0,6,6,1,1,4,4,75.15,359.11,3,5,2,19,8,131,61,1,24,0
147.71,3,5,2,30,29,22,13,148,87,0,6,6,1,1,3,3,24.0,171.71,3,5,2,21,11,139,75,1,43,0
42794.22,3,5,2,31,30,22,13,152,91,0,6,6,1,1,5,3,88.0,56312.55,3,5,2,21,11,142,77,0,65,0
0.0,3,5,2,31,30,22,12,149,81,0,6,6,1,1,11,7,1.0,21.74,3,5,2,22,12,149,81,0,38,0
0.0,3,5,2,28,23,22,12,148,83,0,6,6,1,1,5,3,3227.17,8999.0,3,5,2,22,11,147,76,1,54,0
0.57,3,5,2,31,30,22,13,152,91,0,6,6,1,1,8,3,2.99,11.58,3,5,2,22,13,152,91,0,41,0
0.76,3,5,2,30,29,22,13,147,86,0,6,6,1,1,6,4,6.0,216.61,3,5,2,21,11,143,81,0,39,0
0.61,3,5,2,30,29,22,13,151,90,0,6,6,1,1,4,4,11000.0,13777.91,3,5,2,21,11,145,78,1,55,0
21.27,3,5,2,31,30,22,13,150,89,0,6,6,1,1,11,4,5.3,138.36,3,5,2,22,12,149,87,1,27,0
66.04,3,5,2,29,28,22,13,147,86,0,6,6,1,1,5,4,1.86,2083.04,3,5,2,22,13,151,90,0,34,0
4569.73,3,5,2,28,26,21,11,142,80,0,6,6,1,1,6,4,40.0,4769.73,3,5,2,20,10,132,66,1,52,0
0.05,3,5,2,31,30,20,9,133,59,0,6,6,1,1,4,4,200.0,15554.81,3,5,2,20,10,133,70,1,53,0
0.12,3,5,2,31,28,22,12,152,89,0,6,6,1,1,6,6,11.9,12.02,3,5,2,22,12,149,87,1,44,0
0.47,3,5,2,25,16,21,10,145,76,0,6,6,1,1,5,3,2393.56,2452.47,3,5,2,21,9,143,61,1,32,0
0.33,3,5,2,29,27,21,11,143,81,0,6,6,1,1,7,4,119.64,281.47,3,5,2,22,12,146,82,0,40,0
436.43,3,5,2,16,8,20,10,137,69,0,6,6,1,1,3,3,500.0,2437.13,3,5,2,20,10,137,70,1,66,0
18.49,3,5,2,31,30,22,13,152,91,0,6,6,1,1,6,3,0.49,451.68,3,5,2,22,12,151,87,0,31,0
40.64,3,5,2,27,26,22,13,146,85,0,6,6,1,1,3,3,3000.0,3248.26,3,3,0,13,2,87,16,0,46,0
6.12,3,5,2,31,30,22,13,152,91,0,6,6,1,1,4,4,100.0,112.58,3,5,2,22,12,152,90,1,48,0
0.0,3,5,2,31,27,21,10,144,75,0,6,6,1,1,7,5,20.0,20.0,3,5,2,21,10,144,75,0,28,0
30.0,3,5,2,30,23,21,11,142,75,0,5,5,0,0,6,7,2.83,4542.28,3,5,2,22,12,150,88,1,60,0
118.38,3,5,2,31,30,22,13,150,89,0,6,6,1,1,12,8,120.0,4977.88,3,5,2,22,12,152,85,1,35,0
0.01,3,5,2,31,30,22,13,150,89,0,6,6,1,1,6,3,600.0,2073.38,3,5,2,22,12,152,88,0,40,0
34.59,3,5,2,31,30,22,13,150,89,0,6,6,1,1,7,7,0.98,234.59,3,5,2,22,11,147,76,1,48,0
0.5,3,5,2,31,30,22,12,152,87,0,6,6,1,1,3,3,2420.22,2424.15,3,5,2,20,9,136,61,0,33,0
0.08,3,5,2,31,29,22,12,152,90,0,6,6,1,1,3,2,520.0,1514.3,3,5,2,22,12,152,90,0,50,0
114.68,3,5,2,31,30,22,13,152,91,0,6,6,1,1,15,11,0.01,1218.05,3,5,2,22,13,152,91,1,35,0
512.2,3,5,2,27,25,21,11,141,79,0,6,6,1,1,1,1,99.7,861.15,3,4,1,16,6,107,45,0,50,0
0.31,3,5,2,30,29,22,13,149,88,0,6,6,1,1,4,4,99.62,376.58,3,5,2,22,13,152,91,1,37,0
0.0,3,5,2,31,30,22,12,151,89,0,6,6,1,1,9,7,0.01,2.44,3,5,2,22,12,151,89,0,30,0
820.71,4,5,1,29,24,22,8,150,54,0,6,6,1,1,2,3,300.0,3127.66,4,5,1,21,7,145,49,0,52,0
31.2,3,5,2,31,30,22,13,149,88,0,6,6,1,1,6,6,2.0,885.53,3,5,2,21,11,145,83,0,30,0
71.71,3,5,2,31,30,19,7,130,50,0,6,6,1,1,1,1,1730.0,8045.47,3,5,2,22,11,146,76,1,54,0
141741.01,3,5,2,28,27,20,10,133,65,0,6,6,1,1,4,4,37.67,152150.87,3,5,2,22,11,146,76,1,46,0
0.05,3,5,2,31,30,22,12,152,90,0,6,6,1,1,4,3,4000.0,9806.32,3,5,2,22,12,146,84,1,47,0
0.41,3,5,2,31,30,22,13,152,91,0,6,6,1,1,23,10,0.5,99.38,3,5,2,22,13,148,87,0,35,0
0.4,3,5,2,31,30,22,10,152,76,0,6,6,1,1,7,5,0.22,60.0,3,5,2,22,10,148,72,0,33,0
0.73,3,5,2,31,30,22,12,150,83,0,6,6,1,1,4,2,8.0,47.73,3,5,2,22,12,148,81,0,49,0
11992.18,3,5,2,31,30,21,11,145,78,0,6,6,1,1,2,2,500.0,20163.18,3,5,2,20,10,136,68,1,41,0
104855.35,3,5,2,31,30,22,13,151,90,0,6,6,1,1,2,2,17.0,130026.59,3,4,1,15,4,97,23,1,50,0
0.8,3,5,2,31,30,22,12,152,90,0,6,6,1,1,41,21,5.0,6.84,3,5,2,22,12,150,88,0,12,0
8.65,3,5,2,31,30,22,13,146,85,0,6,6,1,1,7,4,2.31,2032.74,3,5,2,21,10,144,71,0,34,0
50.02,3,5,2,22,15,21,11,143,76,2,6,4,1,1,1,1,7534.0,7701.35,3,5,2,20,9,136,61,0,43,0
0.32,3,5,2,31,30,19,9,127,65,0,5,5,0,0,4,2,219.0,219.9,3,5,2,19,9,127,65,1,33,0
15241.11,3,5,2,31,30,22,12,152,90,0,6,6,1,1,8,7,23.5,152483.51,3,5,2,22,12,152,90,0,39,0
0.0,3,5,2,31,30,20,9,136,66,1,5,4,0,0,7,4,0.25,103.16,3,5,2,20,9,136,64,0,38,0
29.59,3,5,2,30,29,22,13,149,88,0,6,6,1,1,1,1,487.95,6856.65,3,5,2,20,7,138,54,0,33,0
0.0,3,5,2,29,14,22,11,150,75,0,6,6,1,1,5,5,200.0,9163.95,3,5,2,22,12,150,82,0,48,0
19.79,3,5,2,30,28,22,12,149,86,0,6,6,1,1,5,5,13.0,598.38,3,5,2,22,12,151,88,0,38,0
0.0,3,5,2,29,26,21,10,141,66,0,6,6,1,1,3,3,157.59,1129.81,3,5,2,21,10,141,66,0,28,0
0.0,3,5,2,30,29,22,12,151,86,0,6,6,1,1,2,1,2.0,1000.0,4,5,1,21,4,144,33,1,30,0
0.0,3,5,2,31,30,22,12,152,88,0,6,6,1,1,10,4,0.83,4.95,3,5,2,22,12,152,88,0,20,0
0.0,3,5,2,31,30,22,13,149,88,0,6,6,1,1,10,7,0.99,211.17,3,5,2,19,10,131,70,0,24,0
0.0,3,5,2,29,28,22,13,146,85,0,6,6,1,1,1,1,600.0,600.0,3,5,2,22,13,146,85,0,55,0
0.09,3,5,2,31,30,22,12,152,88,0,6,6,1,1,10,7,5.0,20.51,3,5,2,22,12,152,88,1,32,0
38.4,3,5,2,30,29,22,10,150,68,0,6,6,1,1,2,2,10000.0,10038.4,3,5,2,22,10,150,68,0,34,0
204.33,3,5,2,30,28,19,7,130,52,0,6,6,1,1,5,3,0.04,659.33,3,5,2,19,8,129,55,0,40,0
3.97,3,5,2,31,30,22,13,152,91,0,6,6,1,1,4,3,1.0,49.92,3,5,2,20,9,133,60,0,71,0
7177.13,3,5,2,31,30,22,13,152,91,0,6,6,1,1,2,2,28.74,13524.44,3,5,2,20,9,136,61,1,50,0
37.31,3,5,2,29,25,22,12,146,82,0,6,6,1,1,6,5,99.4,136.71,3,5,2,22,12,146,82,0,32,0
32.33,3,5,2,31,30,22,13,152,91,0,6,6,1,1,4,3,99.9,283.33,3,5,2,22,12,151,87,0,45,0
159.69,3,5,2,31,30,22,13,151,90,0,6,6,1,1,2,2,29.9,5163.48,3,5,2,22,10,147,68,1,31,0
0.01,3,4,1,21,16,17,7,112,47,0,6,6,1,1,2,2,112.55,117.59,3,4,1,17,5,112,31,0,40,0
287.95,3,5,2,31,30,21,11,145,81,0,6,6,1,1,5,5,141.08,1277.76,3,5,2,21,11,145,77,0,34,0
0.0,3,5,2,29,28,22,13,150,89,0,6,6,1,1,16,9,2.0,607.67,3,5,2,22,11,151,81,1,27,0
105.63,3,5,2,29,26,20,10,136,73,0,6,6,1,1,2,2,2000.0,2105.63,4,5,1,22,7,148,50,1,37,0
26.66,3,5,2,30,29,22,12,151,83,0,6,6,1,1,5,5,100.0,126.66,3,5,2,22,12,146,78,1,51,0
0.0,3,5,2,30,28,22,12,147,85,0,6,6,1,1,12,6,0.1,0.17,3,5,2,22,11,147,75,0,19,0
9.0,3,5,2,31,28,22,12,152,89,0,6,6,1,1,5,4,3.0,32.25,3,5,2,20,9,136,61,0,32,0
30.4,3,5,2,31,30,22,13,152,91,0,6,6,1,1,14,10,2.16,139.13,3,5,2,22,12,146,84,0,31,0
2330.56,3,5,2,31,30,22,12,152,85,0,6,6,1,1,3,3,4990.0,9330.56,4,5,1,21,5,140,34,0,45,0
1.3,3,5,2,31,30,22,12,151,89,0,6,6,1,1,5,5,10.0,152.13,3,5,2,22,12,150,88,0,40,0
1.43,3,4,1,31,23,18,7,121,51,0,6,6,1,1,9,7,7333.0,7418.83,3,4,1,18,7,119,49,1,61,0
0.0,3,5,2,31,30,22,13,147,86,0,6,6,1,1,4,3,76.0,204.94,3,5,2,20,9,136,62,0,28,0
3.13,3,5,2,31,30,22,13,152,91,0,6,6,1,1,5,3,14.9,29.28,3,5,2,22,13,148,87,0,25,0
62.42,3,5,2,31,30,21,11,143,80,0,6,6,1,1,6,5,9.95,2562.42,3,5,2,22,11,151,78,1,46,0
2.72,3,5,2,31,29,22,12,152,84,0,6,6,1,1,3,3,488.0,641.31,3,5,2,22,11,152,79,0,25,0
0.04,3,5,2,30,29,22,12,146,79,0,6,6,1,1,5,4,20.9,113.47,3,5,2,21,11,144,76,0,31,0
125217.45,3,5,2,31,30,22,13,150,89,0,6,6,1,1,7,5,10.0,154329.86,3,5,2,19,10,129,68,0,57,0
0.43,3,5,2,31,21,21,10,144,69,1,6,5,1,1,4,4,1061.0,1062.44,3,5,2,21,7,144,53,0,39,0
31331.35,3,5,2,30,29,22,12,151,89,0,6,6,1,1,4,3,2.89,38852.83,3,5,2,22,11,151,81,1,35,0
0.61,3,5,2,24,22,21,11,144,82,0,6,6,1,1,3,3,5.0,335.98,3,5,2,21,12,143,82,0,47,0
2.81,3,5,2,29,28,22,13,150,89,0,6,6,1,1,2,1,598.2,628.57,3,5,2,22,13,152,91,0,39,0
0.0,3,5,2,31,30,22,11,152,82,0,6,6,1,1,4,3,200.0,300.0,3,5,2,22,9,151,62,0,31,0
1988.96,3,5,2,29,28,22,11,150,77,0,5,5,0,0,5,4,28.0,3083.45,3,5,2,22,10,147,66,0,56,0
0.13,3,5,2,30,29,22,12,150,85,0,6,6,1,1,10,5,400.0,549.91,3,5,2,22,12,150,84,1,40,0
2.85,3,5,2,31,30,22,12,152,88,0,6,6,1,1,17,6,0.99,137.44,3,5,2,22,13,152,91,0,48,0
0.0,3,5,2,31,30,22,13,146,85,0,6,6,1,1,6,6,12.0,225.95,3,5,2,21,11,145,82,1,27,0
10.0,3,5,2,30,29,22,12,151,89,0,6,6,1,1,10,8,2.59,25.48,3,5,2,22,12,151,89,1,31,0
32.93,3,5,2,31,30,22,13,152,91,0,6,6,1,1,9,9,1.0,1616.3,3,5,2,22,11,152,80,0,38,0
0.0,3,5,2,31,29,22,10,152,71,0,6,6,1,1,2,2,10.0,10.0,3,5,2,22,10,150,69,1,30,0
1359.28,3,5,2,31,30,22,12,151,87,0,6,6,1,1,6,5,197.44,1556.72,3,5,2,22,12,149,86,1,31,0
0.0,3,5,2,20,19,21,12,139,78,0,6,6,1,1,3,2,0.02,1459.13,3,5,2,22,12,152,90,1,35,0
14890.7,3,5,2,31,26,22,12,147,82,0,6,6,1,1,4,4,6.0,15008.7,3,5,2,20,10,136,71,1,28,0
1744.02,3,5,2,29,28,22,13,148,87,0,6,6,1,1,3,2,49.0,2356.02,3,5,2,22,13,152,91,0,45,0
0.06,3,5,2,31,26,21,11,141,75,0,6,6,1,1,1,1,1550.0,1568.4,3,4,1,17,6,111,41,1,23,0
545.35,3,5,2,31,30,22,12,151,88,0,6,6,1,1,4,4,20.0,773.19,3,5,2,22,13,151,90,0,31,0
0.0,3,5,2,31,30,22,12,152,90,0,6,6,1,1,7,11,0.01,0.01,3,5,2,22,12,152,90,0,48,0
1697.25,3,5,2,31,30,22,13,152,91,0,6,6,1,1,7,5,10.56,4376.13,3,5,2,22,12,146,81,1,38,0
766.58,3,5,2,31,30,22,13,152,91,0,6,6,1,1,8,5,20.0,966.58,3,5,2,22,12,151,86,0,30,0
3320.39,3,5,2,30,29,22,13,151,90,0,6,6,1,1,6,5,3.46,3885.39,3,5,2,22,12,151,89,0,39,0
32.29,3,5,2,30,29,22,12,151,89,0,6,6,1,1,4,4,2000.0,3730.38,3,5,2,22,13,151,90,0,68,0
7294.09,3,5,2,15,0,20,9,136,61,2,6,4,1,1,4,3,5.0,7320.8,3,5,2,22,12,147,84,1,42,0
65.41,3,5,2,31,30,22,13,150,89,0,6,6,1,1,9,8,0.01,845.41,3,5,2,21,10,144,73,0,38,0
0.0,3,5,2,28,23,22,12,149,84,0,6,6,1,1,5,5,0.01,0.01,3,5,2,22,12,148,83,1,28,0
0.0,3,5,2,31,30,22,10,152,74,0,6,6,1,1,7,6,1.0,117.81,3,5,2,21,9,145,69,0,23,0
5.36,3,5,2,31,24,22,12,152,85,0,6,6,1,1,3,3,3.0,108.36,4,5,1,22,5,147,31,1,35,0
1.92,3,5,2,31,30,22,13,150,89,0,6,6,1,1,7,4,20.0,24.21,3,5,2,22,13,147,86,0,44,0
120.18,3,5,2,30,29,22,13,151,90,0,6,6,1,1,9,5,30.0,15130.18,3,5,2,22,10,148,69,1,32,0
0.07,3,5,2,31,30,22,12,152,90,0,6,6,1,1,8,7,2.9,91.98,3,5,2,22,12,152,89,1,64,0
0.43,3,5,2,30,29,22,13,150,89,0,6,6,1,1,5,3,29.9,70.43,3,5,2,22,13,148,87,0,37,0
0.05,3,5,2,31,30,22,13,151,90,0,6,6,1,1,9,8,0.1,249.23,3,5,2,22,13,152,91,1,69,0
0.17,3,5,2,31,30,21,10,140,69,0,6,6,1,1,4,4,1544.18,1545.17,3,5,2,21,11,140,73,0,39,0
0.0,3,5,2,31,30,22,12,152,90,0,6,6,1,1,6,5,900.0,971.83,3,5,2,22,12,151,84,1,46,0
24.5,3,5,2,21,20,21,9,141,64,1,6,5,1,1,3,3,10000.0,10025.5,4,4,0,16,2,110,18,0,45,0
20.28,3,5,2,30,29,22,11,151,79,0,6,6,1,1,6,3,8.9,1475.72,3,5,2,22,12,146,84,1,43,0
0.08,3,5,2,31,30,22,12,152,90,0,6,6,1,1,5,4,143.0,143.13,3,5,2,21,11,140,78,1,31,0
31.09,3,5,2,31,27,21,10,145,76,0,6,6,1,1,8,7,36.5,175.67,3,5,2,22,12,151,83,0,27,0
484.06,3,5,2,31,28,22,12,152,89,0,6,6,1,1,2,2,10000.0,14632.88,3,5,2,21,11,139,76,0,35,0
0.0,3,5,2,31,30,21,11,142,78,0,6,6,1,1,5,5,9.23,11.8,3,5,2,21,11,142,75,1,26,0
31.87,3,5,2,31,30,20,10,138,72,1,6,5,1,1,2,2,300.0,332.47,3,5,2,18,9,122,61,1,35,0
7642.76,3,5,2,31,30,22,13,152,91,0,6,6,1,1,6,3,20.0,8593.72,3,5,2,21,12,144,83,1,25,0
0.74,3,5,2,31,30,22,13,150,89,0,6,6,1,1,3,2,11.0,12.74,3,5,2,22,12,152,86,1,45,0
0.0,3,5,2,31,29,22,12,152,90,0,6,6,1,1,5,4,2.52,2.52,3,5,2,22,13,152,91,1,43,0
542.31,3,5,2,31,30,22,13,150,89,0,6,6,1,1,6,5,1.16,40965.25,3,5,2,21,11,143,78,0,61,0
9.94,3,5,2,27,25,22,12,148,86,0,5,5,0,0,4,4,19.8,209.94,3,5,2,19,9,128,66,0,32,0
204134.95,3,5,2,27,26,21,12,143,82,0,6,6,1,1,1,1,8670.0,212804.95,3,5,2,20,9,136,61,0,31,0
2099.44,3,5,2,30,29,22,12,149,87,0,6,6,1,1,7,6,5.8,22120.06,3,5,2,22,12,151,89,0,34,0
3.08,3,5,2,31,30,22,13,152,91,0,6,6,1,1,15,5,0.5,13.19,3,5,2,22,12,148,86,0,21,0
103264.56,3,5,2,30,26,21,10,139,69,0,6,6,1,1,4,5,602.34,162211.7,3,5,2,18,9,122,61,1,48,0
0.0,3,5,2,31,30,22,12,152,87,0,6,6,1,1,7,6,15.0,210.23,3,5,2,22,11,149,79,0,46,0
453.23,3,5,2,31,30,22,13,152,91,0,6,6,1,1,8,4,0.03,1261.39,3,5,2,22,12,151,85,1,26,0
9905.3,3,5,2,26,24,22,12,147,85,0,6,6,1,1,4,4,8.0,10000.0,3,5,2,22,13,152,91,1,29,0
0.74,3,5,2,29,28,22,12,150,88,0,6,6,1,1,6,5,27.39,30.81,3,5,2,22,12,147,85,1,55,0
0.91,3,5,2,30,29,19,10,125,64,0,6,6,1,1,13,13,154.0,159.44,3,5,2,19,10,125,64,0,29,0
0.0,3,5,2,22,21,19,9,129,61,1,6,5,1,1,3,2,2200.0,2200.0,3,5,2,19,9,129,61,1,29,0
64.27,3,5,2,22,21,21,11,142,77,0,6,6,1,1,2,1,1.99,378.17,3,5,2,22,13,152,91,0,31,0
17.8,3,5,2,31,23,22,9,152,66,0,6,6,1,1,5,5,100.0,117.8,3,5,2,22,9,150,65,0,31,0
10.96,3,5,2,29,28,22,12,149,86,0,6,6,1,1,10,6,50.0,245.22,3,5,2,22,12,146,83,0,31,0
0.0,4,5,1,31,30,22,8,152,60,0,6,6,1,1,5,5,2700.0,3008.72,3,5,2,22,8,152,61,1,58,0
51.82,3,5,2,31,30,22,12,150,88,0,6,6,1,1,6,4,9.9,1990.43,3,5,2,22,12,152,90,0,28,0
67.55,3,5,2,25,24,21,12,143,82,0,6,6,1,1,4,4,120.0,659.86,3,5,2,21,11,143,76,1,33,0
8.27,3,5,2,31,30,22,12,152,89,0,6,6,1,1,6,6,9.9,176.27,3,5,2,22,11,152,83,1,26,0
6087.8,3,5,2,31,25,22,11,152,82,0,6,6,1,1,7,5,923.66,12313.41,3,5,2,22,13,152,91,1,49,0
0.58,3,5,2,28,21,22,9,148,64,0,6,6,1,1,2,2,7242.24,7242.24,3,5,2,21,8,145,61,0,33,0
0.0,3,5,2,24,23,21,12,140,79,0,6,6,1,1,7,6,326.76,327.0,3,5,2,22,13,148,87,0,30,0
305.07,3,5,2,31,30,22,12,146,81,0,6,6,1,1,2,2,1080.0,8849.07,3,5,2,22,13,147,86,0,36,0
4171.57,3,5,2,29,24,21,10,140,65,0,6,6,1,1,1,1,243.0,10067.77,3,5,2,19,9,129,61,0,68,0
18.15,3,5,2,29,28,21,9,142,62,0,6,6,1,1,11,9,1.1,123.15,3,4,1,14,2,94,14,0,28,0
1.14,3,5,2,31,30,22,13,152,91,0,6,6,1,1,3,4,425.52,5001.14,3,5,2,22,13,152,91,1,69,0
22.28,3,5,2,31,30,22,13,152,91,0,6,6,1,1,6,3,200.0,236.72,3,5,2,22,12,151,89,1,40,0
0.77,3,5,2,29,28,21,10,145,76,0,6,6,1,1,3,3,123644.0,202052.75,3,5,2,22,12,152,85,0,66,0
4.32,3,5,2,29,18,22,10,150,73,0,5,5,0,0,7,6,400.0,404.33,3,5,2,22,10,150,73,1,36,0
39.04,3,5,2,31,29,22,12,152,90,0,6,6,1,1,3,3,49.9,202.04,3,5,2,21,10,144,74,1,32,0
2.58,3,5,2,31,30,21,12,145,84,1,6,5,1,1,3,3,200.0,224.84,3,5,2,21,11,145,80,1,33,0
99.66,3,5,2,30,29,22,13,151,90,0,6,6,1,1,3,3,1500.0,3482.95,3,5,2,19,9,129,67,0,36,0
2.58,3,5,2,31,30,22,13,151,90,0,6,6,1,1,3,3,38.98,41.56,3,5,2,22,13,151,90,0,53,0
105.14,3,5,2,31,30,22,13,152,91,0,6,6,1,1,9,5,14.0,245.31,3,5,2,22,11,146,76,1,32,0
2.7,3,5,2,31,30,22,13,152,91,0,6,6,1,1,8,7,3.48,25.2,3,5,2,22,12,146,81,1,26,0
1.76,3,5,2,28,27,21,12,143,82,1,6,5,1,1,4,3,0.01,4.81,3,5,2,21,12,141,80,1,48,0
5.14,3,5,2,31,29,22,12,152,90,0,6,6,1,1,10,8,9.86,105.14,3,5,2,20,10,136,74,0,54,0
31.31,3,5,2,30,29,21,12,142,81,0,6,6,1,1,5,4,0.18,343.03,3,5,2,21,11,139,75,1,39,0
14.64,3,5,2,29,27,22,11,150,81,0,6,6,1,1,3,3,800.0,1445.28,4,5,1,20,5,132,29,0,37,0
46469.88,3,5,2,30,25,20,10,132,67,0,5,5,0,0,2,2,185.64,55023.65,3,5,2,18,9,123,62,1,34,0
7.66,3,5,2,23,22,21,11,144,82,0,6,6,1,1,6,5,20.99,405.51,3,5,2,21,11,144,82,0,29,0
11260.28,3,5,2,31,30,22,13,148,87,0,6,6,1,1,7,4,2.0,19364.34,3,5,2,21,11,140,76,0,40,0
0.0,3,5,2,25,22,21,11,141,74,0,6,6,1,1,2,2,37.46,37.91,3,5,2,21,11,141,74,1,35,0
2.24,3,5,2,31,27,22,12,152,88,0,6,6,1,1,3,3,30.0,121.41,3,5,2,22,10,146,66,0,28,0
47.39,3,5,2,31,30,22,13,151,90,0,6,6,1,1,11,8,100.0,3911.76,3,5,2,21,12,145,84,0,42,0
3058.02,3,5,2,31,30,22,11,152,80,0,6,6,1,1,5,3,8.4,3411.14,3,5,2,22,12,151,86,1,41,0
3.39,3,5,2,31,30,22,12,152,90,0,6,6,1,1,13,9,0.69,96.4,3,5,2,22,12,152,84,1,41,0
0.56,5,5,0,31,11,22,1,152,11,0,6,6,1,1,2,2,0.12,0.12,5,5,0,22,1,152,12,1,24,0
0.53,3,5,2,29,28,22,12,150,83,1,6,5,1,1,4,3,582.0,593.66,3,5,2,21,11,139,72,0,40,0
0.28,3,5,2,31,30,22,10,152,76,0,6,6,1,1,6,4,3.0,3.28,3,5,2,21,9,144,68,1,21,0
101.23,3,5,2,31,29,22,12,152,88,0,6,6,1,1,53,15,28.75,557.88,3,5,2,22,11,152,78,1,30,0
48.61,3,5,2,31,30,22,13,152,91,0,6,6,1,1,2,2,1788.0,8667.84,4,5,1,22,6,147,42,0,48,0
42.9,3,5,2,24,23,21,12,145,84,1,6,5,1,1,5,5,2000.0,7148.76,4,5,1,22,4,151,30,1,30,0
2254.63,3,5,2,30,29,22,11,151,82,0,6,6,1,1,1,1,6937.44,10657.68,3,5,2,22,9,146,62,0,42,0
8.91,3,5,2,31,30,22,12,152,89,0,6,6,1,1,4,4,44.85,401.83,3,5,2,20,8,137,61,1,28,0
372.52,3,5,2,31,30,22,13,152,91,0,6,6,1,1,11,9,13.71,170.74,3,5,2,22,13,152,91,0,45,0
0.03,3,5,2,31,30,22,13,152,91,0,6,6,1,1,3,3,100.0,100.94,3,5,2,22,11,152,83,0,41,0
29.95,3,5,2,31,30,22,13,151,90,0,6,6,1,1,32,16,9.39,2029.95,3,5,2,22,13,151,90,0,38,0
1.2,3,5,2,27,24,21,10,141,72,0,6,6,1,1,3,4,50.0,51.25,3,5,2,21,10,141,72,1,39,0
0.42,3,5,2,30,29,21,12,145,84,0,6,6,1,1,10,6,7.0,14.51,3,5,2,21,12,145,84,0,35,0
37183.15,3,5,2,31,23,20,10,133,65,1,6,5,1,1,3,3,50.0,53783.15,3,5,2,22,12,151,83,0,51,0
0.07,3,5,2,30,29,21,11,141,75,0,6,6,1,1,12,10,8.2,50.43,3,5,2,21,11,141,77,0,26,0
13.88,3,5,2,28,27,22,12,149,85,0,6,6,1,1,7,6,0.01,175.34,3,5,2,22,12,148,84,0,27,0
77.87,3,5,2,22,12,20,9,136,66,1,6,5,1,1,4,4,5000.0,6489.24,3,5,2,20,9,135,65,0,39,0
86696.37,3,5,2,9,2,19,8,128,59,0,3,3,0,0,4,2,0.01,11254.76,3,5,2,22,13,152,91,1,36,0
12.94,3,5,2,31,30,22,13,152,91,0,6,6,1,1,9,7,0.01,189.27,3,5,2,22,12,147,82,1,34,0
21346.44,3,5,2,29,28,22,12,150,87,0,6,6,1,1,4,3,0.01,39267.33,3,5,2,22,12,152,90,0,46,0
14.38,3,5,2,31,30,22,13,152,91,0,6,6,1,1,7,4,1.71,257.33,3,5,2,22,13,151,90,1,42,0
142.34,3,5,2,29,28,22,12,147,83,0,6,6,1,1,3,3,1000.0,1391.1,3,5,2,21,10,143,70,1,38,0
323.2,3,5,2,31,30,22,12,150,84,0,6,6,1,1,6,4,2000.0,4932.11,3,5,2,21,10,139,69,1,43,0
17932.23,3,5,2,30,28,22,12,151,88,0,5,5,0,0,1,1,5752.28,23940.56,3,5,2,19,8,131,61,1,32,0
6.02,3,5,2,31,30,22,13,149,88,0,6,6,1,1,9,5,0.12,60.0,3,5,2,22,13,147,86,0,30,0
8.12,3,5,2,24,22,21,11,145,83,0,6,6,1,1,4,3,104.0,483.76,3,5,2,19,9,128,64,0,38,0
0.0,3,5,2,30,29,22,13,151,90,0,6,6,1,1,4,2,10.0,12.0,3,5,2,22,13,150,89,1,33,0
0.0,3,5,2,17,15,20,10,138,76,0,6,6,1,1,7,6,2.0,2.0,3,5,2,21,11,145,83,0,27,0
2451.81,3,5,2,31,30,22,13,151,90,0,6,6,1,1,5,4,0.01,2470.6,3,5,2,22,12,151,86,1,26,0
210.81,3,5,2,31,30,22,13,152,91,0,6,6,1,1,6,5,117.6,981.79,3,5,2,22,11,150,78,0,33,0
16.01,3,5,2,31,30,22,13,152,91,0,6,6,1,1,11,11,238.91,436.01,3,5,2,22,13,152,91,0,37,0
0.41,3,5,2,31,30,22,13,152,91,0,6,6,1,1,7,6,2.0,12.21,3,5,2,22,13,152,91,1,29,0
0.0,3,5,2,30,28,22,12,151,89,0,6,6,1,1,4,3,1000.0,1000.35,3,5,2,22,12,151,89,0,39,0
6485.26,3,5,2,30,29,21,12,139,78,0,6,6,1,1,2,2,84.22,12861.55,3,5,2,21,11,144,82,0,27,0
0.0,3,5,2,31,30,22,13,152,91,0,6,6,1,1,4,3,5.0,6.04,3,5,2,22,13,152,91,0,33,0
98853.66,4,5,1,30,18,22,7,151,48,2,6,4,1,1,3,1,1.99,168167.01,3,5,2,22,13,151,90,1,49,0
315.25,3,5,2,30,28,22,11,151,81,0,6,6,1,1,1,1,20000.0,20315.25,3,5,2,18,7,123,53,0,29,0
0.0,3,5,2,30,20,22,11,151,81,0,6,6,1,1,5,5,500.0,544.3,3,5,2,22,11,151,81,0,39,0
145.43,3,5,2,31,30,22,13,146,85,0,6,6,1,1,4,3,50.0,1145.43,3,5,2,22,12,146,79,1,35,0
0.42,3,5,2,31,30,22,12,149,87,0,6,6,1,1,2,2,4734.0,8114.21,3,5,2,21,10,142,72,0,34,0
167.71,3,5,2,31,30,22,13,152,91,0,6,6,1,1,2,3,800.0,1606.47,3,5,2,21,10,145,72,1,60,0
7.18,3,5,2,22,20,20,9,136,64,0,6,6,1,1,5,5,100.0,108.24,3,5,2,20,9,135,61,0,38,0
0.0,3,5,2,31,30,19,10,130,69,0,6,6,1,1,3,3,1600.0,2262.46,3,4,1,17,8,113,52,1,50,0
20.77,3,5,2,31,30,22,13,152,91,0,6,6,1,1,7,6,17.5,747.01,3,5,2,20,10,137,71,0,38,0
13.72,3,5,2,31,30,22,13,148,87,0,6,6,1,1,4,3,55.0,147.43,3,5,2,22,12,146,82,1,41,0
0.07,3,5,2,29,28,22,13,149,88,0,6,6,1,1,7,5,40.0,46.15,3,5,2,22,13,147,86,0,24,0
16487.25,3,5,2,31,30,22,13,152,91,0,6,6,1,1,3,2,2.19,16609.55,3,5,2,22,13,152,91,1,41,0
1124.01,3,5,2,31,30,22,12,152,88,0,6,6,1,1,9,6,52.0,49568.91,3,5,2,22,12,152,86,1,32,0
1222.45,3,5,2,17,16,18,8,122,55,1,5,4,0,0,4,4,6000.0,17083.62,3,3,0,12,2,77,15,1,34,0
0.02,3,5,2,30,29,21,10,143,73,0,6,6,1,1,4,3,0.28,96.94,3,5,2,21,10,140,70,0,32,0
252.9,3,5,2,31,30,22,12,151,89,0,6,6,1,1,13,10,5.59,4273.42,3,5,2,22,12,151,89,1,34,0
793.76,3,5,2,29,24,22,12,147,81,0,6,6,1,1,2,2,56142.96,57152.77,3,5,2,21,11,143,75,0,51,0
19.74,3,5,2,31,30,22,13,152,91,0,6,6,1,1,3,2,0.01,658.14,3,5,2,22,12,150,88,0,33,0
0.0,3,5,2,25,21,21,11,144,77,0,6,6,1,1,4,3,100.0,100.94,3,5,2,21,11,144,77,1,52,0
14.08,3,5,2,28,27,22,13,149,88,0,6,6,1,1,3,3,14.0,178.19,3,5,2,22,13,150,89,1,52,0
0.0,3,5,2,31,30,22,13,148,87,0,6,6,1,1,8,7,20.0,50.16,3,5,2,22,10,152,72,1,28,0
6.09,3,5,2,31,30,22,13,152,91,0,6,6,1,1,8,4,212.0,822.58,3,5,2,22,11,151,82,0,39,0
0.41,3,5,2,31,30,22,11,152,79,0,6,6,1,1,3,3,314.0,526.69,3,5,2,22,11,146,71,0,25,0
10006.05,3,5,2,31,28,21,11,143,76,0,6,6,1,1,3,2,35.98,10078.85,3,5,2,21,11,143,78,1,54,0
303.41,3,5,2,30,26,22,12,150,86,0,6,6,1,1,3,3,99.0,5718.97,3,5,2,19,8,131,60,0,33,0
8.1,3,5,2,31,30,22,13,151,90,1,6,5,1,1,1,1,0.06,195.28,3,5,2,22,12,152,88,1,39,0
3.64,3,5,2,31,30,22,13,152,91,0,6,6,1,1,4,3,15.75,3318.21,3,5,2,22,12,152,89,1,27,0
0.0,3,5,2,31,30,21,11,144,82,0,6,6,1,1,8,4,31.0,137.87,3,5,2,21,11,144,82,1,43,0
0.11,3,5,2,31,30,22,11,152,78,0,6,6,1,1,7,6,0.9,18.1,3,5,2,21,10,144,69,0,36,0
8.69,3,5,2,31,30,22,13,146,85,0,6,6,1,1,8,6,0.5,124.71,3,5,2,22,12,148,85,0,30,0
4324.65,3,5,2,30,27,22,12,146,83,0,6,6,1,1,2,2,4911.7,11112.95,3,5,2,20,9,137,62,1,33,0
0.0,3,5,2,31,29,22,12,152,84,0,6,6,1,1,11,5,19.9,69.99,3,5,2,22,12,150,86,1,30,0
18.88,3,5,2,27,20,22,11,148,79,0,6,6,1,1,1,1,4920.0,4938.88,3,5,2,22,9,146,62,1,54,0
39.84,3,5,2,31,27,22,12,152,84,0,6,6,1,1,3,2,200.0,275.59,3,5,2,19,9,126,58,0,22,0
2.99,3,5,2,31,30,21,12,144,83,0,6,6,1,1,7,5,97.6,346.75,3,5,2,20,11,133,72,1,41,0
3072.77,3,5,2,31,30,22,11,150,80,0,6,6,1,1,6,5,0.01,5559.02,3,5,2,22,12,152,90,1,53,0
10218.33,3,5,2,31,30,22,12,152,90,0,6,6,1,1,1,1,1500.0,15963.49,3,5,2,22,11,146,77,0,52,0
2864.19,3,5,2,30,29,22,12,151,88,0,6,6,1,1,5,2,1.48,3947.0,3,5,2,22,11,146,76,1,50,0
0.38,4,4,0,25,20,17,3,116,20,3,6,3,1,1,4,2,29.91,598.58,3,5,2,22,13,152,91,0,35,0
5.3,3,5,2,31,30,22,11,152,78,0,6,6,1,1,7,5,20.0,405.3,3,5,2,21,11,144,77,0,33,0
18.45,3,5,2,31,30,22,13,151,90,0,6,6,1,1,41,20,2.0,112.05,3,5,2,21,11,143,79,1,41,0
0.0,3,5,2,29,23,21,11,143,75,0,6,6,1,1,4,4,1000.0,1000.0,3,5,2,21,11,139,72,1,39,0
1.54,3,5,2,31,29,22,12,151,89,0,5,5,0,0,1,1,178.0,352.51,3,5,2,22,13,152,91,0,42,0
84.14,4,5,1,26,24,21,7,141,48,1,6,5,1,1,2,2,9469.42,10809.81,4,5,1,18,3,123,20,0,33,0
0.0,3,5,2,31,28,22,12,147,82,0,6,6,1,1,7,4,2000.0,2000.0,3,5,2,22,12,147,85,0,34,0
5045.85,3,5,2,31,28,22,10,152,76,0,6,6,1,1,1,1,5246.1,11955.15,3,5,2,21,8,145,61,1,49,0
0.0,3,5,2,31,30,22,13,152,91,0,6,6,1,1,8,7,8.79,36.5,3,5,2,22,12,152,90,1,52,0
463.84,3,5,2,31,30,22,13,152,91,0,6,6,1,1,3,2,0.04,5018.46,3,5,2,22,13,152,91,0,32,0
8297.96,3,5,2,31,30,22,13,152,91,0,6,6,1,1,4,3,200.0,10810.48,3,4,1,16,6,106,44,1,34,0
0.13,3,5,2,31,27,22,10,152,71,0,6,6,1,1,6,5,0.01,5.18,3,5,2,22,10,151,74,0,41,0
1.15,3,5,2,31,30,22,12,152,87,0,6,6,1,1,7,5,0.01,32.63,3,5,2,22,11,151,79,0,25,0
9.82,3,5,2,31,30,22,13,151,90,0,6,6,1,1,6,5,0.16,387.32,3,5,2,22,12,151,89,0,53,0
246.57,3,5,2,26,25,20,10,134,66,0,6,6,1,1,1,1,2522.04,3503.94,3,5,2,22,12,152,88,0,44,0
636.11,3,5,2,29,28,22,12,150,84,0,6,6,1,1,12,8,19.0,677.23,3,5,2,22,13,152,91,0,43,0
0.0,3,5,2,31,28,22,10,152,71,0,6,6,1,1,9,8,366.67,35014.34,3,5,2,22,11,152,77,0,30,0
2843.23,3,5,2,28,26,21,11,140,74,0,6,6,1,1,1,1,20000.0,22843.23,3,4,1,17,7,116,54,1,34,0
0.77,3,5,2,31,30,22,12,152,87,0,6,6,1,1,2,2,200.0,200.77,3,5,2,22,11,150,76,0,27,0
1013.31,3,5,2,26,25,22,13,147,86,0,6,6,1,1,5,5,1000.0,2871.31,3,5,2,22,12,147,85,1,47,0
0.29,3,5,2,29,24,21,10,140,68,0,6,6,1,1,1,1,7634.32,7667.75,3,5,2,20,9,132,59,0,32,0
77.18,3,5,2,31,30,22,12,152,89,0,6,6,1,1,10,7,1540.0,18782.94,3,5,2,22,12,152,90,1,41,0
5.36,3,5,2,31,30,22,13,152,91,0,6,6,1,1,3,3,4800.0,4805.36,3,5,2,22,10,147,66,0,32,0
18.7,3,5,2,29,28,20,11,138,77,1,6,5,1,1,2,2,2269.22,7133.69,3,4,1,16,4,106,29,1,35,0
0.0,3,5,2,29,23,22,9,150,65,0,5,5,0,0,5,4,4000.0,4084.65,3,5,2,22,9,150,65,0,45,0
6510652.06,5,5,0,30,18,22,2,151,18,0,6,6,1,1,4,3,49000.0,49000.0,5,5,0,22,3,150,20,1,31,0
0.0,3,5,2,10,9,19,10,131,70,0,6,6,1,1,3,2,14.0,41.34,3,5,2,19,9,131,67,1,30,0
21.99,3,5,2,31,30,22,12,152,88,0,6,6,1,1,7,4,6.94,242.51,3,5,2,22,12,152,86,0,51,0
2.6,3,5,2,31,30,22,12,152,90,0,6,6,1,1,13,8,4.84,20.99,3,5,2,22,12,152,90,1,30,0
128569.15,3,5,2,31,29,22,12,152,90,0,6,6,1,1,6,5,8.43,149238.75,3,5,2,22,11,148,76,1,57,0
5.04,3,5,2,30,28,18,5,124,40,0,6,6,1,1,4,4,260.0,4676.92,3,5,2,18,6,124,44,0,63,0
206.02,3,5,2,31,28,22,12,150,87,0,6,6,1,1,4,4,1000.0,2633.58,3,5,2,21,9,141,63,1,39,0
10.03,3,5,2,31,22,20,9,137,68,0,6,6,1,1,3,3,100.0,131.43,3,5,2,20,9,137,68,0,34,0
0.0,3,5,2,31,30,22,11,152,83,0,6,6,1,1,5,4,1774.01,1774.01,3,5,2,22,11,146,76,1,34,0
6.26,3,5,2,24,10,21,10,145,70,0,6,6,1,1,3,3,110.0,612.98,3,5,2,21,10,145,71,0,41,0
0.29,3,5,2,31,30,22,10,152,71,0,6,6,1,1,5,5,1000.0,1391.2,3,5,2,22,10,147,66,1,30,0
52.63,3,5,2,31,27,22,12,151,84,0,6,6,1,1,2,2,54.6,107.23,3,3,0,13,2,88,19,0,61,0
219.48,3,5,2,31,28,22,12,151,84,0,6,6,1,1,4,2,140.0,582.19,3,5,2,21,11,145,83,1,40,0
0.53,3,5,2,29,21,22,12,147,79,0,6,6,1,1,10,6,2.4,1871.98,3,5,2,21,11,144,76,0,31,0
0.2,3,5,2,31,30,19,9,127,63,0,6,6,1,1,3,3,74.0,500.01,3,5,2,22,12,152,88,1,27,0
47.1,3,5,2,31,30,22,13,152,91,0,6,6,1,1,2,2,93.13,161.12,3,5,2,22,8,151,60,0,49,0
142954.42,3,5,2,31,30,22,13,151,90,0,6,6,1,1,61,14,56.0,152468.11,3,5,2,22,13,152,91,1,71,0
1.45,3,5,2,28,27,22,13,148,87,0,6,6,1,1,12,9,9.9,83.16,3,5,2,22,13,146,85,0,30,0
0.19,3,5,2,31,30,22,12,152,89,0,6,6,1,1,9,8,7.0,51.53,3,5,2,22,12,152,89,0,39,0
0.0,3,5,2,30,29,20,11,137,76,0,6,6,1,1,2,2,800.0,1085.99,3,5,2,20,11,134,73,1,41,0
12983.17,3,5,2,31,27,22,12,152,88,0,6,6,1,1,4,3,8.52,17428.83,3,5,2,22,12,151,89,0,47,0
4.24,3,5,2,25,24,22,12,146,78,0,6,6,1,1,4,4,50.0,209.59,3,5,2,21,11,145,77,0,51,0
2.65,4,5,1,31,30,22,8,152,60,0,6,6,1,1,6,3,15.0,23.82,4,5,1,22,8,150,58,0,32,0
0.0,3,5,2,31,30,22,12,152,90,0,6,6,1,1,8,5,0.01,7.54,3,5,2,22,12,151,89,1,43,0
231.58,3,5,2,31,30,22,8,152,61,0,6,6,1,1,2,2,30.0,5900.58,3,5,2,22,8,151,60,0,60,0
3987.33,5,5,0,31,25,22,3,152,25,0,6,6,1,1,3,2,0.02,38.4,4,5,1,22,4,152,33,1,79,0
10.61,3,5,2,31,30,22,13,152,91,0,6,6,1,1,11,7,8.0,310.19,3,5,2,22,13,147,86,1,31,0
4.47,3,5,2,31,30,22,13,152,91,0,6,6,1,1,13,8,20.0,104.47,3,5,2,22,12,151,88,0,40,0
28606.25,3,5,2,31,30,22,13,152,91,0,6,6,1,1,10,5,10.0,29606.25,3,5,2,22,12,150,88,1,32,0
87.87,3,5,2,31,30,22,13,152,91,0,6,6,1,1,4,3,16.8,1094.42,3,5,2,22,12,146,84,0,30,0
0.04,3,5,2,31,30,22,12,152,86,0,6,6,1,1,6,5,0.01,4.11,3,5,2,22,12,152,86,0,33,0
62.48,3,5,2,31,30,22,13,152,91,0,6,6,1,1,6,4,22.57,341.87,3,5,2,22,13,148,87,0,56,0
18.22,3,5,2,31,30,22,12,151,88,0,6,6,1,1,12,6,6.66,381.88,3,5,2,22,12,151,83,1,34,0
22.96,3,5,2,28,27,20,10,132,67,0,6,6,1,1,3,2,210.0,322.96,3,5,2,20,10,132,65,0,43,0
0.0,3,5,2,30,25,22,10,151,71,0,6,6,1,1,6,6,2008.32,2008.32,3,5,2,21,9,140,60,1,35,0
0.0,3,5,2,27,22,21,11,144,76,0,6,6,1,1,4,4,100.0,1522.27,3,5,2,22,12,147,82,0,32,0
0.0,3,5,2,30,15,22,11,151,76,0,6,6,1,1,1,1,10489.51,10489.51,3,5,2,21,9,142,66,0,38,0
323.68,3,5,2,31,30,22,13,152,91,0,6,6,1,1,3,3,6.05,1150.91,3,5,2,20,8,132,56,1,30,0
97.88,3,5,2,31,20,22,10,147,71,0,2,2,0,0,2,2,505.0,5497.88,3,5,2,22,12,152,85,1,45,0
6.49,3,5,2,31,30,22,10,152,75,1,6,5,1,1,1,2,600.0,659.83,3,5,2,22,10,152,75,0,35,0
69.52,3,5,2,30,29,22,13,151,90,0,6,6,1,1,4,3,1000.0,6582.83,3,5,2,22,12,151,87,0,29,0
10154.08,3,5,2,31,30,21,12,139,78,0,6,6,1,1,9,5,1.79,10966.42,3,5,2,20,10,132,70,1,31,0
2245.81,3,5,2,31,30,22,13,146,85,0,6,6,1,1,11,6,96.6,6521.27,3,5,2,22,12,152,90,1,53,0
31.75,3,5,2,31,30,22,13,152,91,0,6,6,1,1,11,7,190.0,1231.75,3,5,2,22,11,148,75,1,30,0
108.66,3,5,2,30,29,22,13,151,90,0,6,6,1,1,5,5,1.71,294.48,3,5,2,22,12,147,85,1,31,0
0.0,3,5,2,30,29,22,13,147,86,0,6,6,1,1,9,7,52.0,192.84,3,5,2,22,13,147,86,0,26,0
2.31,3,5,2,31,30,22,13,152,91,0,6,6,1,1,8,6,71.72,89.05,3,5,2,22,13,152,91,0,39,0
153.37,3,5,2,31,30,22,13,152,91,0,6,6,1,1,12,9,15.09,1128.32,3,5,2,22,13,152,91,0,57,0
0.0,4,5,1,31,30,22,7,152,54,0,6,6,1,1,36,17,1.0,3.0,4,5,1,22,7,150,52,0,57,0
1.41,3,5,2,31,28,22,11,152,83,0,6,6,1,1,4,3,99.45,885.75,3,5,2,22,10,148,72,0,31,0
999.02,3,5,2,31,30,22,13,152,91,0,6,6,1,1,4,3,200.0,3991.02,3,5,2,20,9,137,62,0,44,0
0.07,3,5,2,28,26,22,12,149,86,0,6,6,1,1,5,5,10.0,17.73,3,5,2,20,10,138,72,0,28,0
0.05,3,5,2,30,29,22,13,151,90,0,6,6,1,1,11,9,0.01,29.05,3,5,2,22,13,150,89,0,36,0
2.03,3,5,2,31,29,22,12,152,90,0,6,6,1,1,8,6,90.0,144.39,3,5,2,22,12,151,89,0,35,0
10.42,3,5,2,28,26,22,12,149,87,0,6,6,1,1,11,11,50.0,551.67,3,5,2,21,11,140,78,1,40,0
38621.47,3,5,2,30,29,22,10,149,68,0,6,6,1,1,1,1,13923.3,19720.8,3,5,2,19,9,131,69,1,38,0
0.02,3,5,2,31,27,19,9,126,61,0,6,6,1,1,4,4,16.0,29.27,3,5,2,19,9,125,61,1,44,0
0.02,3,5,2,31,30,22,12,152,87,0,6,6,1,1,16,7,22.9,24.09,3,5,2,22,12,152,86,1,29,0
5.94,3,5,2,31,30,22,13,151,90,0,6,6,1,1,5,3,20.0,668.42,3,5,2,21,9,140,60,0,41,0
0.0,3,5,2,31,26,21,10,144,74,0,6,6,1,1,6,5,140.0,866.15,3,5,2,21,10,144,75,1,47,0
20397.32,3,5,2,28,27,22,13,149,88,0,6,6,1,1,3,3,2247.23,26654.39,3,5,2,20,10,132,65,1,52,0
0.64,3,5,2,31,30,22,13,152,91,0,6,6,1,1,8,6,3.0,765.51,3,5,2,22,13,149,88,0,25,0
0.03,3,5,2,31,30,22,12,150,86,0,6,6,1,1,2,2,100.0,119.91,3,5,2,22,11,147,77,0,31,0
0.0,3,4,1,31,30,16,7,109,48,0,6,6,1,1,6,3,49.9,22164.06,3,4,1,16,7,104,43,1,44,0
1036.05,3,5,2,29,25,22,12,147,80,0,6,6,1,1,2,2,100.0,38622.0,5,5,0,21,0,140,0,1,39,0
4.06,3,5,2,31,30,22,11,150,80,0,6,6,1,1,4,4,0.6,124.61,3,5,2,22,11,148,78,1,46,0
2418.44,3,5,2,29,28,22,13,147,86,0,6,6,1,1,4,3,8.55,18812.14,3,5,2,18,7,124,49,0,55,0
70.37,3,5,2,27,12,21,9,139,59,0,6,6,1,1,4,5,80.0,2541.95,3,5,2,22,12,147,81,1,58,0
1.01,3,5,2,22,20,21,11,143,81,0,6,6,1,1,2,2,50.0,711.01,3,5,2,21,11,143,81,1,19,0
9.92,3,5,2,29,28,19,10,127,66,0,6,6,1,1,2,2,160.0,3511.92,3,5,2,22,8,152,61,0,43,0
5.65,3,5,2,31,30,21,10,139,68,0,6,6,1,1,2,3,100.0,530.66,3,5,2,19,8,131,61,1,33,0
3.78,3,5,2,31,30,22,13,150,89,0,6,6,1,1,2,2,118.0,529.13,3,5,2,22,12,150,83,0,56,0
0.61,3,5,2,30,28,22,12,150,87,0,6,6,1,1,9,8,16.0,66.43,3,5,2,21,11,142,79,1,53,0
0.0,3,5,2,29,28,20,10,133,71,0,5,5,0,0,4,3,50.0,484.81,3,5,2,20,9,133,63,1,67,0
8440.65,3,5,2,31,30,21,12,142,81,0,6,6,1,1,4,5,87.17,11040.45,4,4,0,18,2,119,15,0,71,0
1.14,3,5,2,31,30,22,13,152,91,0,6,6,1,1,2,2,5.9,467.78,3,5,2,20,10,138,70,0,23,0
32801.71,3,5,2,31,30,22,12,152,89,0,6,6,1,1,7,4,3.0,33269.21,3,5,2,22,12,152,84,1,32,0
0.0,3,5,2,30,29,22,13,151,90,0,6,6,1,1,6,8,4.54,12.97,3,5,2,22,11,151,76,1,33,0
289.15,3,5,2,30,29,22,12,150,88,0,6,6,1,1,3,2,100.44,3161.91,3,5,2,22,13,149,88,0,44,0
2308.6,3,5,2,31,30,19,9,128,66,0,6,6,1,1,5,5,1.0,13458.81,3,5,2,19,9,128,66,1,37,0
0.0,3,5,2,31,23,22,9,151,68,0,5,5,0,0,4,4,101.46,5502.67,3,5,2,20,9,137,62,1,33,0
59.66,3,5,2,31,30,22,13,152,91,0,6,6,1,1,9,6,700.0,1058.17,3,5,2,22,13,152,91,0,43,0
0.3,3,5,2,31,30,22,11,150,75,0,6,6,1,1,3,3,19.9,4008.92,3,5,2,22,11,150,75,0,42,0
28592.2,3,5,2,31,30,22,13,152,91,0,6,6,1,1,7,6,0.43,31517.02,3,5,2,20,10,137,73,1,36,0
452.0,3,5,2,31,29,22,12,152,90,0,6,6,1,1,4,4,15.71,2091.0,3,5,2,22,11,152,79,1,83,0
65.32,3,5,2,31,29,19,9,126,64,0,6,6,1,1,5,5,1000.0,2479.14,3,5,2,19,9,126,62,0,39,0
126.36,3,5,2,31,30,22,12,152,90,0,6,6,1,1,1,1,4277.8,4404.16,3,5,2,19,8,131,61,0,49,0
0.58,3,5,2,31,30,22,12,152,88,0,6,6,1,1,5,5,1.98,44.63,3,5,2,21,12,142,81,0,25,0
3.3,3,5,2,31,30,22,13,152,91,0,6,6,1,1,5,4,6.65,116.63,3,5,2,22,13,147,86,1,29,0
89904.87,3,5,2,26,23,22,10,147,70,1,6,5,1,1,1,1,3562.44,95908.37,3,5,2,21,8,145,61,0,40,0
0.63,3,5,2,31,30,22,13,150,89,0,6,6,1,1,4,2,40.0,1951.73,3,5,2,22,12,152,90,1,47,0
0.2,3,5,2,30,20,22,11,151,81,0,6,6,1,1,4,5,162.7,501.49,3,5,2,22,11,150,80,0,33,0
0.0,3,5,2,27,26,22,13,148,87,0,6,6,1,1,4,2,142.0,142.0,3,5,2,22,13,148,87,0,36,0
0.13,3,5,2,31,30,22,12,152,89,0,6,6,1,1,5,5,29.9,39.77,3,5,2,22,12,150,88,0,47,0
1.66,3,5,2,29,28,22,13,149,88,0,6,6,1,1,6,5,50.0,1004.49,3,5,2,22,13,149,88,1,47,0
30.63,3,5,2,31,30,22,12,149,87,0,6,6,1,1,7,3,11.0,180.63,3,5,2,22,12,146,79,1,25,0
946.33,3,5,2,31,30,22,13,150,89,0,6,6,1,1,4,4,0.94,949.27,3,5,2,22,12,149,85,0,33,0
2.61,3,5,2,28,27,21,12,144,83,0,6,6,1,1,4,4,499.51,585.99,3,5,2,21,12,144,83,0,37,0
1090.14,3,5,2,31,30,22,12,152,89,0,6,6,1,1,12,8,1699.0,6090.14,3,5,2,22,13,152,91,0,34,0
6584.74,3,5,2,31,30,22,12,152,90,0,6,6,1,1,3,2,0.99,10369.3,3,5,2,22,12,152,90,0,39,0
9.92,3,5,2,31,30,22,13,152,91,0,6,6,1,1,5,3,9.9,83.56,3,5,2,22,11,148,78,1,26,0
23050.59,3,5,2,31,30,22,13,148,87,0,6,6,1,1,10,7,97.3,29976.02,3,5,2,20,11,134,73,0,40,0
45781.82,3,5,2,30,29,22,12,149,87,0,6,6,1,1,1,1,44.0,46131.82,3,5,2,22,12,152,90,0,41,0
42.88,3,5,2,31,30,22,11,151,77,0,6,6,1,1,16,11,500.0,1246.49,3,5,2,22,11,150,76,0,39,0
0.0,3,5,2,31,30,19,9,126,60,0,6,6,1,1,4,3,0.01,0.01,3,5,2,19,9,128,62,1,36,0
0.32,3,5,2,31,30,22,13,152,91,0,6,6,1,1,7,6,0.01,30.7,3,5,2,22,13,151,90,1,50,0
7.01,3,5,2,27,23,20,9,136,64,0,6,6,1,1,4,3,100.0,3644.37,3,5,2,20,9,136,63,0,34,0
0.42,3,5,2,30,29,22,13,149,88,0,6,6,1,1,3,2,0.01,499.28,3,5,2,22,13,149,88,1,32,0
0.0,3,5,2,28,16,21,10,143,71,0,6,6,1,1,6,3,3300.0,3300.0,3,5,2,21,9,143,61,0,44,0
881.48,3,5,2,31,23,22,12,152,84,0,6,6,1,1,3,3,5000.0,10881.48,3,4,1,15,2,102,17,0,42,0
68.15,3,5,2,31,30,22,12,149,87,0,6,6,1,1,14,10,99.0,1312.23,3,5,2,22,12,147,84,0,47,0
42.3,3,5,2,31,30,22,12,152,90,0,6,6,1,1,4,4,51.0,456.3,3,5,2,22,13,152,91,1,31,0
0.0,3,5,2,29,27,20,10,138,76,0,6,6,1,1,5,4,1800.0,1800.0,3,5,2,20,11,137,76,0,66,0
47.47,3,5,2,31,29,22,12,152,90,0,6,6,1,1,7,5,10.0,57.47,3,5,2,19,10,131,70,1,48,0
1221.52,3,5,2,29,26,22,11,147,74,0,6,6,1,1,2,2,100.0,21221.52,3,5,2,22,12,147,85,0,44,0
21.26,3,5,2,28,27,22,12,149,82,0,6,6,1,1,2,1,795.36,845.28,3,5,2,22,10,149,68,0,40,0
0.36,3,5,2,30,27,21,9,144,66,0,6,6,1,1,2,2,15.0,474.36,3,5,2,20,9,136,61,0,49,0
0.0,3,5,2,27,26,21,11,145,83,0,6,6,1,1,8,8,806.52,1291.24,3,5,2,21,11,144,82,1,51,0
108.59,3,5,2,31,30,22,12,152,89,0,6,6,1,1,4,4,160.0,1851.09,3,5,2,22,12,152,88,1,44,0
0.0,3,5,2,31,30,22,12,149,87,0,6,6,1,1,6,5,16.0,43.99,3,5,2,21,12,141,80,0,19,0
781.87,4,5,1,30,29,22,5,148,31,0,6,6,1,1,2,2,188.5,7559.43,4,5,1,22,5,146,30,0,44,0
43866.8,3,5,2,16,12,20,9,137,64,0,5,5,0,0,3,3,110.5,59774.42,3,5,2,22,11,152,82,1,27,0
0.46,3,5,2,31,30,22,13,152,91,0,6,6,1,1,12,9,1.0,38.63,3,5,2,22,13,148,87,0,39,0
0.0,3,5,2,31,30,22,12,151,89,0,6,6,1,1,10,8,0.38,14.45,3,5,2,22,13,152,91,1,33,0
0.0,3,5,2,27,26,22,12,147,85,0,6,6,1,1,3,3,100.0,100.0,3,5,2,22,12,147,85,1,44,0
0.12,3,5,2,31,29,21,11,143,81,0,6,6,1,1,4,3,371.03,371.33,3,5,2,21,11,140,78,1,52,0
0.34,3,5,2,31,30,22,13,150,89,0,6,6,1,1,5,5,60.0,100.34,3,5,2,21,11,144,82,0,27,0
9.29,3,5,2,31,28,22,12,149,86,0,6,6,1,1,9,9,0.5,1991.63,3,5,2,21,11,145,83,0,57,0
0.0,3,5,2,31,19,22,11,152,80,3,6,3,1,1,2,2,70000.0,70000.0,3,5,2,22,11,151,79,1,33,0
15.87,3,5,2,26,25,22,13,147,86,0,6,6,1,1,4,4,264.0,835.39,3,5,2,19,9,131,69,1,27,0
0.91,3,5,2,31,30,22,13,152,91,0,6,6,1,1,7,6,95.0,132.86,3,5,2,22,13,146,85,1,26,0
0.33,3,5,2,31,30,22,13,150,89,0,6,6,1,1,7,4,0.5,2.43,3,5,2,22,13,150,89,0,32,0
43.16,3,5,2,31,26,22,12,152,87,0,6,6,1,1,7,6,1.0,143.16,3,4,1,16,6,106,41,0,39,0
1.1,3,5,2,31,30,22,13,152,91,0,6,6,1,1,5,4,100.0,5004.6,3,5,2,22,11,150,80,1,33,0
148.22,3,5,2,27,24,22,12,148,85,0,6,6,1,1,3,3,2497.57,2645.79,3,5,2,22,12,148,85,1,29,0
2.61,3,5,2,29,19,22,9,150,63,0,6,6,1,1,4,4,6.0,183.51,3,5,2,20,7,137,50,0,25,0
1.76,3,5,2,30,29,20,11,138,77,0,6,6,1,1,4,4,6.28,522.14,3,5,2,19,9,131,66,0,31,0
0.45,3,5,2,31,29,22,10,152,72,0,6,6,1,1,9,6,0.01,35.59,3,5,2,22,12,151,85,1,35,0
1.28,3,5,2,31,30,22,12,152,88,0,6,6,1,1,3,3,113.0,116.23,3,5,2,22,12,152,88,0,33,0
1.74,3,5,2,29,28,22,12,150,84,0,6,6,1,1,4,4,478.29,1434.63,3,5,2,22,12,150,82,1,52,0
0.0,3,5,2,31,24,20,9,133,63,0,6,6,1,1,3,3,24.3,72.53,3,5,2,20,9,133,62,1,35,0
0.0,3,5,2,30,29,22,13,151,90,0,6,6,1,1,1,2,800.0,861.11,3,4,1,17,7,115,48,1,39,0
24.15,3,5,2,31,30,22,13,152,91,0,6,6,1,1,9,4,1.0,207.95,3,5,2,22,11,151,81,1,38,0
0.73,3,5,2,30,29,22,13,149,88,0,6,6,1,1,1,1,10000.0,10000.73,3,5,2,22,9,151,63,0,22,0
5.99,3,5,2,30,29,22,11,151,78,0,6,6,1,1,7,5,150.0,174.52,3,5,2,22,11,151,78,0,32,0
3.43,3,5,2,31,30,21,10,144,72,0,6,6,1,1,5,4,16.9,331.8,3,5,2,21,10,144,70,0,27,0
0.0,3,5,2,23,22,20,11,137,76,0,6,6,1,1,2,1,1.52,2300.15,3,5,2,22,13,150,89,0,37,0
841.53,3,5,2,31,30,22,13,152,91,0,6,6,1,1,10,8,9.9,10772.59,3,5,2,22,12,149,87,0,32,0
5.22,3,5,2,30,29,20,10,138,76,0,6,6,1,1,6,5,100.0,143.3,3,5,2,20,10,138,71,0,46,0
24424.49,3,5,2,21,4,21,9,142,65,0,5,5,0,0,1,1,635.0,36560.23,3,5,2,22,12,150,87,0,34,0
4170.36,3,5,2,31,29,22,12,146,84,0,1,1,0,0,2,1,300.0,4770.36,3,5,2,20,10,133,67,1,45,0
19368.65,3,5,2,31,30,22,13,147,86,0,6,6,1,1,6,4,4.0,20180.93,3,5,2,22,11,147,78,1,28,0
0.0,3,5,2,31,30,21,12,144,83,0,6,6,1,1,13,9,39.85,39.85,3,5,2,21,9,140,60,0,27,0
32.5,3,5,2,31,28,22,9,152,68,0,6,6,1,1,3,3,744.51,791.83,3,5,2,22,9,151,67,0,36,0
5897.61,3,5,2,29,27,22,11,147,77,0,6,6,1,1,3,2,6.0,7033.77,3,5,2,22,12,150,88,0,47,0
9737.54,3,5,2,31,23,22,12,152,84,0,6,6,1,1,5,5,1000.0,10738.54,3,5,2,22,12,152,86,0,40,0
0.0,3,5,2,31,30,21,12,144,83,0,6,6,1,1,3,3,1133.0,1167.89,3,5,2,21,12,144,83,1,27,0
4868.4,3,5,2,31,30,21,12,142,81,0,6,6,1,1,1,1,579.0,9171.45,3,5,2,22,12,152,90,0,46,0
307.68,3,5,2,31,30,22,13,151,90,0,6,6,1,1,3,3,230.0,1200.97,3,5,2,19,9,126,59,1,36,0
17.77,3,5,2,31,30,22,11,152,78,0,6,6,1,1,2,1,50.0,192.77,3,5,2,21,9,143,66,0,50,0
0.17,3,5,2,30,29,21,12,139,78,0,6,6,1,1,3,3,300.0,313.13,3,5,2,20,9,132,62,1,53,0
0.94,3,5,2,31,28,22,12,152,87,0,6,6,1,1,17,8,498.0,2144.03,3,5,2,20,10,135,73,0,43,0
8.33,3,5,2,31,30,22,12,152,88,0,6,6,1,1,9,6,0.3,672.58,3,5,2,22,11,152,82,0,29,0
10.13,3,5,2,31,30,22,13,152,91,0,6,6,1,1,3,3,200.0,1393.53,3,5,2,22,12,152,90,0,45,0
13.93,3,5,2,26,25,19,9,126,63,0,6,6,1,1,2,2,1200.0,1213.93,3,5,2,19,8,126,57,0,34,0
18778.63,3,5,2,31,29,22,12,152,90,0,6,6,1,1,1,1,450.0,24778.63,3,5,2,22,13,152,91,1,58,0
6139.26,3,5,2,28,23,22,11,149,80,0,6,6,1,1,1,1,16000.0,38139.26,3,5,2,19,8,130,60,0,53,0
0.56,3,5,2,29,28,22,13,149,88,0,6,6,1,1,8,8,0.6,1012.92,3,5,2,22,12,149,86,1,25,0
20260.17,3,5,2,31,30,21,10,139,70,0,6,6,1,1,6,4,29.9,20329.17,3,5,2,20,9,136,61,1,32,0
2.11,3,5,2,30,27,21,11,145,80,0,6,6,1,1,6,4,15.8,24.5,3,5,2,21,11,140,75,1,26,0
12086.31,3,5,2,31,30,22,13,151,90,0,6,6,1,1,2,2,8000.0,21982.91,4,5,1,22,4,149,30,0,68,0
0.0,4,5,1,28,23,22,6,146,41,0,5,5,0,0,3,3,0.02,10.0,3,5,2,22,9,152,68,1,31,0
0.08,3,5,2,28,27,20,11,132,71,0,6,6,1,1,3,3,0.01,10.63,3,5,2,20,11,132,71,0,40,0
0.0,3,5,2,31,30,22,12,152,87,0,6,6,1,1,8,7,10.0,52.81,3,5,2,22,12,151,86,0,35,0
20.52,3,5,2,31,30,22,13,152,91,0,6,6,1,1,8,7,52.1,179.09,3,5,2,20,10,136,74,0,28,0
0.91,3,5,2,28,27,21,11,142,78,0,6,6,1,1,2,2,39.0,3557.68,3,5,2,22,13,151,90,0,36,0
2.92,3,5,2,31,30,22,12,152,90,0,6,6,1,1,4,1,0.01,4561.96,3,5,2,22,13,150,89,0,23,0
160.58,3,5,2,31,30,22,13,152,91,0,6,6,1,1,14,9,0.99,198.88,3,5,2,22,13,152,91,1,26,0
0.06,3,5,2,30,29,22,12,146,84,0,6,6,1,1,1,1,2480.0,2483.28,3,5,2,22,11,146,71,0,26,0
3.02,3,5,2,31,29,22,12,152,90,0,6,6,1,1,6,4,20.0,27.61,3,5,2,21,11,141,78,0,41,0
495.02,3,5,2,29,28,21,12,140,79,0,6,6,1,1,9,6,7.82,550.02,3,5,2,22,13,146,85,1,26,0
0.0,3,5,2,31,30,21,10,144,73,0,6,6,1,1,9,4,0.5,20.0,3,5,2,22,12,147,80,0,22,0
4575.59,3,5,2,31,30,22,13,150,89,0,6,6,1,1,8,4,22.14,5904.06,3,5,2,22,12,150,86,1,27,0
456.01,3,5,2,30,23,21,11,142,75,1,6,5,1,1,5,5,0.42,11456.01,3,5,2,21,9,142,60,1,29,0
0.0,3,5,2,31,30,22,13,152,91,0,6,6,1,1,11,8,5.0,154.38,3,5,2,22,11,152,82,0,36,0
33.35,3,5,2,31,30,22,13,152,91,0,6,6,1,1,5,4,1.0,1749.07,3,5,2,22,11,151,78,1,37,0
22368.01,3,5,2,31,30,22,13,152,91,0,6,6,1,1,6,4,0.06,26218.8,3,5,2,21,11,141,75,1,55,0
0.35,3,5,2,31,30,22,13,152,91,0,6,6,1,1,3,3,48.26,500.35,3,5,2,22,13,152,91,1,38,0
1.2,3,5,2,30,29,22,12,149,85,0,6,6,1,1,6,4,650.0,654.96,3,5,2,21,11,141,77,0,41,0
0.0,3,5,2,28,26,22,12,146,82,0,6,6,1,1,7,6,64.0,64.0,3,5,2,22,11,146,71,0,40,0
0.0,3,5,2,31,30,22,13,150,89,0,6,6,1,1,9,6,0.07,0.07,3,5,2,22,13,152,91,0,42,0
2.4,3,5,2,30,29,21,11,145,80,0,6,6,1,1,3,3,100.0,463.9,3,5,2,20,9,136,67,0,37,0
2.0,3,5,2,30,29,22,13,151,90,0,6,6,1,1,1,1,5135.0,8135.28,3,5,2,22,9,148,61,0,32,0
120.34,3,5,2,31,30,22,13,152,91,0,6,6,1,1,2,2,600.0,1029.07,3,5,2,22,11,151,77,0,33,0
0.0,3,5,2,31,30,22,12,152,90,0,6,6,1,1,3,2,30.0,1538.25,3,5,2,22,12,151,89,0,37,0
165.5,3,5,2,30,29,22,13,147,86,0,6,6,1,1,5,5,0.01,393.62,3,5,2,22,11,150,77,0,65,0
0.01,3,5,2,31,30,22,13,146,85,0,6,6,1,1,6,4,0.01,50.09,3,5,2,21,11,145,81,1,25,0
0.58,3,5,2,31,30,22,13,152,91,0,6,6,1,1,11,8,50.0,104.49,3,5,2,22,13,152,91,0,55,0
35359.26,3,5,2,31,30,22,13,150,89,0,6,6,1,1,8,6,2.0,35482.06,3,5,2,19,10,126,65,1,39,0
2.42,3,5,2,31,29,22,9,152,64,0,6,6,1,1,4,4,1.0,1358.9,3,5,2,22,9,151,63,0,27,0
6987.02,3,5,2,29,15,21,9,139,63,0,6,6,1,1,6,4,500.0,10587.02,3,5,2,21,10,139,64,1,31,0
7.91,3,5,2,31,30,22,13,152,91,0,6,6,1,1,9,7,11.0,108.91,3,5,2,22,12,149,81,0,51,0
1019.26,3,5,2,31,30,22,11,152,83,0,6,6,1,1,8,7,1.0,1134.02,3,5,2,21,10,140,71,1,24,0
2.52,3,5,2,31,30,22,13,152,91,0,6,6,1,1,9,7,35.0,285.15,3,5,2,22,13,147,86,0,24,0
0.43,3,5,2,31,30,22,13,152,91,0,6,6,1,1,10,5,0.97,6.18,3,5,2,22,13,152,91,1,34,0
0.0,3,5,2,28,22,22,12,149,82,0,6,6,1,1,9,6,3.0,10.14,3,5,2,22,12,148,82,0,58,0
12446.53,3,3,0,29,28,13,4,89,28,0,6,6,1,1,2,1,974.44,13446.53,4,5,1,22,7,152,49,1,39,0
18.61,3,5,2,31,27,22,12,150,84,0,6,6,1,1,16,9,1.76,1318.96,3,5,2,22,12,152,86,1,40,0
18.64,3,5,2,27,23,22,12,148,84,0,6,6,1,1,5,5,25.0,266.84,3,5,2,20,10,134,70,0,44,0
13.77,3,5,2,31,28,22,12,152,86,0,6,6,1,1,9,7,100.0,327.57,3,5,2,20,10,136,70,1,34,0
49.7,4,5,1,30,26,22,6,147,38,0,6,6,1,1,37,17,96.0,1000.0,4,5,1,22,6,152,45,1,37,0
67.0,3,5,2,29,28,22,12,146,83,0,6,6,1,1,8,4,2.0,1415.2,3,5,2,21,11,140,77,0,41,0
121.13,3,5,2,31,21,22,10,152,76,0,6,6,1,1,2,3,11.46,6014.54,3,5,2,22,11,147,72,1,30,0
11.4,3,5,2,27,23,21,11,139,75,0,6,6,1,1,2,2,800.0,825.25,3,5,2,20,11,132,71,1,40,0
80.0,3,5,2,30,29,21,12,145,84,0,6,6,1,1,5,3,29.4,2608.64,3,5,2,21,11,143,77,1,36,0
111.4,3,3,0,26,24,13,3,86,24,0,6,6,1,1,1,2,3584.45,3695.85,3,5,2,18,6,124,48,0,46,0
0.02,5,5,0,31,18,22,2,152,18,0,6,6,1,1,2,2,99.47,102.03,5,5,0,22,2,152,18,1,49,0
78.18,4,5,1,25,23,18,4,124,31,0,6,6,1,1,2,2,150.0,180.04,3,4,1,16,6,109,44,0,34,0
0.8,3,5,2,31,30,22,13,151,90,0,6,6,1,1,3,2,0.1,228.16,3,5,2,22,13,152,91,0,30,0
333.54,3,5,2,27,26,21,12,145,84,0,6,6,1,1,13,11,10.0,3835.31,3,5,2,22,13,152,91,0,32,0
213.14,3,5,2,31,30,22,12,152,87,0,6,6,1,1,2,2,4000.0,4759.54,3,5,2,22,11,146,74,1,37,0
19.41,3,5,2,27,23,21,11,142,76,0,6,6,1,1,11,7,1.0,116.61,3,5,2,21,11,142,76,1,54,0
15.39,3,5,2,31,30,22,12,152,89,0,6,6,1,1,9,2,3.0,467.49,3,5,2,22,12,148,86,1,44,0
10.58,3,5,2,31,23,21,10,145,75,1,6,5,1,1,5,3,10.0,145.58,3,5,2,21,10,145,76,1,56,0
245.42,3,5,2,29,27,22,12,150,88,0,6,6,1,1,3,2,2259.0,2665.27,3,3,0,12,2,81,15,0,42,0
0.15,3,5,2,31,28,22,12,149,85,0,6,6,1,1,5,4,15.0,30.45,3,5,2,22,13,149,88,0,34,0
0.18,3,5,2,31,29,21,11,145,83,0,6,6,1,1,3,3,100.0,103.73,3,5,2,22,12,146,84,0,32,0
2183.56,3,5,2,31,30,22,13,152,91,0,6,6,1,1,5,2,0.2,6048.23,3,5,2,22,11,148,76,1,29,0
353.33,3,5,2,20,19,21,12,139,78,0,6,6,1,1,4,6,2000.0,4350.22,3,5,2,19,10,131,70,1,34,0
0.0,3,5,2,30,29,22,13,150,89,0,6,6,1,1,5,8,1.23,1.23,3,5,2,22,13,150,89,1,25,0
1307.68,3,5,2,27,15,22,11,148,76,0,6,6,1,1,2,2,489.51,1797.19,3,5,2,22,12,151,85,0,48,0
0.1,3,5,2,31,30,22,13,152,91,0,6,6,1,1,15,8,1.0,49.02,3,5,2,22,13,152,91,1,48,0
0.06,3,5,2,31,30,21,12,141,80,0,6,6,1,1,4,2,3.0,6.29,3,4,1,17,8,116,55,0,18,0
0.07,3,5,2,30,29,22,12,148,86,0,6,6,1,1,37,12,1.35,100.45,3,5,2,22,12,148,86,0,23,0
0.0,3,5,2,28,23,22,11,146,71,0,6,6,1,1,5,4,0.02,0.32,3,5,2,22,11,146,71,0,57,0
57.32,3,5,2,31,30,22,12,152,86,0,6,6,1,1,6,5,14.7,1695.21,3,5,2,22,13,152,91,0,50,0
0.44,3,5,2,28,27,21,11,141,77,0,6,6,1,1,2,2,60.0,196.18,3,5,2,20,10,133,70,0,29,0
507.96,3,5,2,28,25,22,12,149,86,0,6,6,1,1,5,4,1.0,528.96,3,5,2,19,10,129,68,1,40,0
1904.97,3,5,2,30,28,22,12,151,89,0,6,6,1,1,8,6,78.98,5827.16,3,5,2,22,11,150,76,1,27,0
4521.51,3,5,2,30,26,22,12,146,80,0,6,6,1,1,6,5,0.01,9707.7,3,5,2,20,9,138,69,1,37,0
17.55,3,5,2,30,29,22,12,151,89,0,6,6,1,1,5,3,1511.46,2017.55,3,5,2,22,12,149,87,0,28,0
0.0,3,5,2,31,30,22,12,152,90,0,6,6,1,1,9,5,8.4,44.42,3,5,2,22,12,152,85,0,29,0
0.81,3,5,2,31,30,22,13,152,91,0,6,6,1,1,13,7,0.84,162.06,3,5,2,22,13,152,91,0,34,0
186.44,3,5,2,31,30,22,13,152,91,0,6,6,1,1,5,5,19.9,1981.66,3,5,2,22,12,149,83,1,33,0
65.43,3,5,2,29,21,21,9,139,63,0,6,6,1,1,4,4,5000.0,5065.43,3,5,2,20,8,133,53,1,38,0
7.34,3,5,2,31,30,22,13,152,91,0,6,6,1,1,44,17,36.57,1585.44,3,5,2,22,13,152,91,1,36,0
31.27,3,5,2,31,28,22,11,150,80,0,6,6,1,1,6,5,200.0,628.95,3,5,2,22,12,150,82,0,59,0
0.0,3,5,2,31,30,22,13,152,91,0,6,6,1,1,13,9,51.01,637.49,3,5,2,22,12,152,88,1,39,0
0.0,3,5,2,29,28,22,12,150,87,0,6,6,1,1,7,5,1.0,1.0,3,5,2,22,12,149,86,1,45,0
10280.46,3,5,2,31,29,22,11,151,79,0,6,6,1,1,2,2,192.7,14906.46,3,5,2,19,8,130,61,1,68,0
0.0,3,5,2,31,30,22,12,152,89,0,6,6,1,1,12,11,0.37,0.84,3,5,2,22,12,151,88,1,54,0
2.73,3,5,2,31,29,22,12,152,90,0,6,6,1,1,11,9,8.0,10.73,3,5,2,22,12,152,90,0,40,0
71.73,3,5,2,30,23,22,11,151,82,0,5,5,0,0,1,1,3000.0,4071.73,4,5,1,20,2,132,11,1,27,0
0.08,3,5,2,31,30,22,13,152,91,0,6,6,1,1,9,5,10.08,19.24,3,5,2,22,13,152,91,0,31,0
405.82,3,5,2,31,30,22,13,152,91,0,6,6,1,1,14,10,28.98,632.54,3,5,2,22,13,150,89,1,35,0
0.0,3,5,2,31,30,22,13,151,90,0,6,6,1,1,4,3,50.0,263.0,3,5,2,22,12,151,89,0,25,0
0.32,3,5,2,31,26,22,11,152,77,0,6,6,1,1,4,3,5.78,11.32,3,5,2,22,11,149,74,0,23,0
2.86,3,5,2,31,29,22,12,152,90,0,6,6,1,1,12,10,20.0,39.31,3,5,2,22,12,148,86,0,40,0
3734.07,3,5,2,30,29,22,13,150,89,0,6,6,1,1,2,2,300.0,6334.07,3,5,2,22,13,149,88,0,50,0
0.0,3,4,1,31,30,17,8,111,50,0,6,6,1,1,8,6,10.0,18.18,3,4,1,16,7,109,48,1,37,0
1969.63,3,5,2,31,30,22,11,152,79,1,6,5,1,1,6,6,40000.0,50256.03,3,5,2,20,9,133,60,1,51,0
6.68,3,5,2,31,30,22,12,152,90,0,6,6,1,1,8,5,3.99,106.68,3,5,2,22,11,146,72,1,49,0
23158.68,3,5,2,31,30,22,13,152,91,0,6,6,1,1,6,6,5.9,23256.68,3,5,2,22,13,146,85,1,44,0
85.24,3,5,2,31,30,22,13,152,91,0,6,6,1,1,3,2,950.29,17443.0,3,5,2,22,13,152,91,1,40,0
0.49,3,5,2,31,30,22,12,152,90,0,6,6,1,1,6,5,1.59,102.99,3,5,2,22,12,152,90,0,34,0
0.0,3,5,2,31,30,22,13,152,91,0,6,6,1,1,4,4,211.18,211.18,3,5,2,21,11,139,71,0,27,0
21.37,3,5,2,31,30,22,13,150,89,0,6,6,1,1,6,5,10.0,158.62,3,5,2,21,9,140,62,0,35,0
62.12,3,5,2,30,29,21,10,143,68,0,6,6,1,1,5,4,100.0,416.22,3,5,2,19,8,128,56,1,44,0
47.62,3,5,2,26,25,21,11,143,77,0,5,5,0,0,3,3,2000.0,2047.62,3,5,2,21,11,143,77,0,47,0
15617.8,3,5,2,31,29,22,12,152,88,0,6,6,1,1,1,2,3000.0,21203.8,3,5,2,22,9,151,62,1,46,0
175593.89,3,5,2,29,28,22,12,150,87,0,6,6,1,1,1,1,23667.84,222571.71,3,5,2,19,8,131,61,1,34,0
127.24,3,5,2,31,30,22,12,152,88,0,6,6,1,1,10,7,10.0,927.24,3,5,2,22,12,147,83,1,52,0
2.24,3,5,2,31,30,19,10,131,70,0,6,6,1,1,20,11,13.95,69.14,3,5,2,19,10,130,69,0,33,0
49.41,3,5,2,31,23,22,11,152,77,0,6,6,1,1,8,3,1.34,896.72,3,5,2,22,11,146,71,1,28,0
49.76,3,5,2,30,24,20,10,138,72,0,6,6,1,1,5,4,7.12,82.81,3,5,2,20,9,137,68,1,67,0
82.86,3,5,2,31,30,22,13,152,91,0,6,6,1,1,4,4,100.0,1972.76,3,5,2,22,12,152,86,1,40,0
0.0,3,5,2,26,15,22,11,147,74,0,6,6,1,1,3,5,400.0,400.0,3,5,2,21,10,143,70,1,47,0
0.38,3,5,2,30,29,22,11,150,81,0,6,6,1,1,6,5,30.0,104.88,3,5,2,22,11,148,79,1,32,0
103.92,3,5,2,31,30,22,13,152,91,0,6,6,1,1,5,3,4.65,496.72,3,5,2,22,13,147,86,1,39,0
35175.47,3,4,1,24,19,17,7,115,48,0,6,6,1,1,3,3,99.45,41710.78,3,5,2,22,13,152,91,0,50,0
0.0,3,5,2,29,28,22,13,150,89,0,6,6,1,1,11,9,34.24,8597.36,3,5,2,22,13,150,89,0,44,0
1.25,3,5,2,31,30,22,13,152,91,0,6,6,1,1,7,5,85.9,124.55,3,5,2,22,12,151,88,0,25,0
0.7,3,5,2,30,29,22,13,149,88,0,6,6,1,1,3,2,333.96,466.76,3,5,2,22,10,146,64,0,22,0
239.49,3,5,2,24,22,21,11,139,77,0,6,6,1,1,2,2,1024.0,1478.22,3,5,2,21,11,139,75,0,32,0
0.0,3,5,2,31,30,22,13,152,91,0,6,6,1,1,14,7,25.0,88.81,3,5,2,22,11,150,79,0,29,0
1579.55,3,5,2,31,30,22,12,152,87,0,6,6,1,1,10,8,8.0,1678.55,3,5,2,22,11,149,77,1,44,0
0.0,3,5,2,30,29,22,12,149,86,0,6,6,1,1,5,5,33.0,100.52,3,5,2,22,12,149,87,0,41,0
95078.22,3,5,2,31,30,22,12,152,90,0,6,6,1,1,2,2,1209.54,92197.31,3,5,2,22,13,152,91,1,35,0
3090.87,3,5,2,31,29,22,12,152,85,0,6,6,1,1,2,1,1652.0,7712.87,3,5,2,20,9,134,59,0,50,0
0.0,3,5,2,31,20,22,11,150,78,0,6,6,1,1,4,4,70.0,78.07,3,5,2,22,11,150,78,0,46,0
1.93,3,5,2,31,30,22,13,152,91,0,6,6,1,1,5,5,2.29,162.18,3,5,2,20,10,132,70,1,23,0
0.0,3,5,2,29,27,22,12,149,82,0,6,6,1,1,4,4,90.0,90.05,3,5,2,22,12,149,82,0,41,0
0.0,3,5,2,29,28,19,7,131,49,0,6,6,1,1,2,2,4126.03,4126.43,3,5,2,19,8,130,55,1,73,0
5.26,3,5,2,31,30,22,12,152,86,0,6,6,1,1,8,7,30.0,189.35,3,5,2,22,12,152,86,0,35,0
165.44,3,5,2,30,29,22,13,150,89,0,6,6,1,1,7,4,2.13,566.44,3,5,2,19,9,131,68,0,33,0
0.0,3,5,2,30,15,22,11,151,76,0,6,6,1,1,2,1,5000.0,5000.0,3,5,2,21,10,139,64,0,34,0
48.58,3,5,2,30,29,22,12,149,87,0,6,6,1,1,5,4,9.9,91.38,3,5,2,22,12,147,84,0,67,0
359.31,3,5,2,30,28,22,12,151,89,0,6,6,1,1,4,4,65.96,5359.31,3,5,2,22,9,151,64,0,48,0
0.17,3,5,2,31,30,22,13,152,91,0,6,6,1,1,8,7,0.01,400.17,3,4,1,16,6,105,38,1,34,0
48.53,3,5,2,28,25,21,10,144,70,1,6,5,1,1,4,4,200.0,3064.53,3,5,2,20,9,133,59,0,30,0
0.0,3,5,2,30,29,21,9,141,59,0,6,6,1,1,2,2,30610.0,30610.13,4,5,1,21,3,140,19,0,31,0
1.17,3,5,2,31,30,22,12,152,87,0,6,6,1,1,10,7,12.4,351.43,3,5,2,22,12,148,83,1,32,0
0.82,3,5,2,31,29,22,11,152,82,0,6,6,1,1,8,6,5.04,497.52,3,5,2,22,11,149,79,0,34,0
0.84,3,5,2,26,24,22,10,147,71,0,6,6,1,1,4,4,2000.0,6622.48,3,5,2,22,12,146,80,1,56,0
0.95,3,5,2,29,28,21,9,145,69,0,6,6,1,1,4,2,2.0,88.94,3,5,2,21,9,142,66,1,54,0
739.15,3,5,2,30,29,22,13,149,88,0,6,6,1,1,2,2,4.9,5439.15,3,5,2,20,11,137,76,1,35,0
9.59,3,5,2,31,30,22,13,152,91,0,6,6,1,1,7,4,4.0,137.0,3,5,2,22,12,147,85,1,37,0
0.0,3,5,2,30,29,22,13,151,90,0,6,6,1,1,7,5,69.0,225.04,3,5,2,22,12,149,81,1,32,0
879.57,3,5,2,31,30,22,12,152,89,0,6,6,1,1,13,9,21.0,2071.88,3,5,2,22,13,152,91,0,36,0
0.0,3,5,2,31,30,22,13,150,89,0,6,6,1,1,3,2,33.0,33.02,3,4,1,18,9,121,60,0,38,0
0.25,3,5,2,16,14,20,10,137,75,0,6,6,1,1,2,2,100.0,4979.25,3,5,2,19,9,127,65,1,35,0
3108.71,3,5,2,31,30,22,10,152,75,0,6,6,1,1,4,3,448.01,1425.9,3,5,2,22,12,152,90,1,39,0
13.11,3,5,2,31,29,22,12,149,87,0,6,6,1,1,7,6,300.0,470.71,3,5,2,22,12,149,87,0,38,0
219.58,3,5,2,29,28,22,12,149,82,0,6,6,1,1,6,3,300.0,3000.01,3,5,2,20,10,138,71,1,39,0
9588.83,3,5,2,31,30,22,12,152,90,0,6,6,1,1,4,3,0.2,4088.83,3,5,2,22,13,149,88,0,27,0
2544.22,3,5,2,30,27,22,12,151,85,0,6,6,1,1,3,2,2600.0,5144.22,3,5,2,21,11,141,75,1,49,0
0.33,3,5,2,29,28,22,13,150,89,0,6,6,1,1,12,8,0.01,102.65,3,5,2,22,13,146,85,0,27,0
541.29,3,5,2,31,30,22,12,152,86,0,6,6,1,1,7,6,23.14,741.29,3,5,2,22,12,151,89,1,35,0
0.33,3,5,2,31,30,22,12,146,80,0,6,6,1,1,6,4,40.0,46.8,3,5,2,21,11,140,74,0,23,0
20.23,3,5,2,31,30,22,13,152,91,0,6,6,1,1,4,3,40.0,2274.23,3,5,2,22,12,148,83,0,24,0
0.39,3,5,2,30,29,21,10,141,69,0,6,6,1,1,3,2,0.98,0.98,3,5,2,20,9,136,66,0,27,0
59.11,3,5,2,30,29,22,12,148,83,0,6,6,1,1,1,3,4833.62,4892.73,3,5,2,21,8,144,56,1,46,0
210083.56,3,5,2,29,17,21,8,145,56,6,6,0,1,0,2,2,50000.0,561711.69,4,5,1,19,4,131,34,0,43,0
6995.22,3,5,2,30,29,22,13,147,86,0,6,6,1,1,1,1,10374.48,21268.92,3,5,2,21,9,143,63,0,42,0
90.94,3,5,2,31,30,22,13,151,90,0,6,6,1,1,5,3,32.2,2150.65,3,5,2,22,11,146,76,0,38,0
1.36,3,5,2,31,30,22,13,152,91,0,6,6,1,1,5,5,0.37,11.36,3,5,2,21,11,144,77,0,27,0
2597.71,3,5,2,26,21,20,10,138,73,1,6,5,1,1,1,3,30.0,7336.71,3,5,2,22,11,147,77,1,41,0
38.41,3,5,2,31,30,22,13,152,91,0,6,6,1,1,8,5,0.05,97.01,3,5,2,22,11,150,81,0,35,0
0.77,3,5,2,30,27,21,10,142,67,0,6,6,1,1,3,3,100.0,212.08,3,5,2,20,9,136,61,0,27,0
10569.69,3,5,2,31,25,22,12,152,85,0,6,6,1,1,4,3,5000.0,15569.69,3,5,2,22,12,150,83,1,32,0
24.29,3,5,2,30,29,22,13,151,90,0,6,6,1,1,7,6,13.78,153.65,3,5,2,21,11,144,82,1,35,0
123.52,3,5,2,30,29,22,13,151,90,0,6,6,1,1,2,2,9380.0,9646.52,3,5,2,22,8,151,60,0,41,0
15712.02,3,5,2,31,30,22,13,152,91,0,6,6,1,1,2,2,18.68,20177.18,3,5,2,18,9,122,61,0,32,0
53.94,3,5,2,30,29,22,13,151,90,0,6,6,1,1,6,7,128.0,999.59,3,5,2,21,11,144,77,1,34,0
4.85,3,5,2,28,27,21,12,140,79,0,6,6,1,1,2,2,30.0,3929.56,3,5,2,18,9,123,62,0,35,0
492.33,3,5,2,31,30,22,12,152,84,0,6,6,1,1,7,4,200.0,1092.33,3,5,2,22,11,152,77,0,24,0
0.0,3,5,2,21,7,20,9,136,62,1,6,5,1,1,6,5,20.0,20.0,3,5,2,20,9,136,62,0,25,0
202.12,3,5,2,31,30,21,9,143,64,0,6,6,1,1,5,5,500.0,2405.92,3,5,2,21,9,140,60,0,41,0
262.05,3,5,2,30,29,22,12,149,87,0,6,6,1,1,4,3,10.0,4580.66,3,5,2,21,10,140,70,0,58,0
4.71,3,5,2,31,28,22,11,152,78,1,6,5,1,1,6,5,1000.0,1024.84,3,5,2,22,11,150,76,1,63,0
26284.16,3,5,2,31,30,22,13,152,91,0,6,6,1,1,6,4,6.43,49104.83,3,5,2,21,12,139,78,1,41,0
14.77,3,5,2,31,29,22,12,149,87,0,6,6,1,1,2,2,300.0,1226.67,3,5,2,22,12,149,86,1,59,0
31.65,3,5,2,31,30,22,12,150,88,0,5,5,0,0,10,7,200.0,231.65,3,5,2,22,11,149,80,1,67,0
1.77,3,5,2,31,30,22,13,152,91,0,6,6,1,1,2,2,4.0,498.86,3,5,2,22,8,152,61,0,37,0
3341.83,3,5,2,31,30,22,13,151,90,0,6,6,1,1,4,4,100.08,7841.83,3,5,2,19,8,130,60,1,50,0
0.0,3,5,2,29,21,22,12,150,82,0,6,6,1,1,3,3,650.0,656.18,3,5,2,22,12,150,82,0,40,0
1483.81,3,5,2,30,29,22,13,151,90,0,6,6,1,1,7,6,92.26,1690.38,3,5,2,22,13,150,89,1,28,0
638.01,3,5,2,31,30,22,13,152,91,0,6,6,1,1,3,3,35.0,958.01,3,5,2,21,12,145,84,1,46,0
1248.88,3,5,2,31,28,22,12,152,84,0,6,6,1,1,4,3,198.0,11637.88,3,5,2,21,9,141,61,1,32,0
0.01,3,5,2,30,28,21,11,139,77,0,5,5,0,0,3,3,600.0,2182.08,3,5,2,21,11,139,77,0,41,0
0.4,3,5,2,31,30,22,13,147,86,0,6,6,1,1,5,4,2.0,234.05,3,5,2,22,12,147,84,1,33,0
0.0,3,5,2,28,27,22,13,147,86,0,6,6,1,1,4,3,8.34,6397.45,3,5,2,21,11,144,77,1,39,0
0.49,3,5,2,28,27,22,13,149,88,0,6,6,1,1,11,9,100.0,158.85,3,5,2,22,13,149,88,0,32,0
0.08,3,5,2,31,30,22,13,152,91,0,6,6,1,1,13,11,1.58,229.01,3,5,2,22,12,152,86,0,37,0
0.01,3,5,2,29,27,22,11,149,79,0,6,6,1,1,5,3,15.08,42.22,3,5,2,19,8,131,61,0,20,0
0.41,3,5,2,31,29,22,12,152,90,0,6,6,1,1,4,2,3.9,1020.6,3,5,2,22,12,151,89,1,26,0
0.0,3,5,2,27,22,22,12,148,80,0,6,6,1,1,6,6,2000.0,12082.81,3,5,2,22,13,148,87,1,31,0
0.0,3,5,2,29,28,22,11,148,78,0,6,6,1,1,5,5,172.3,603.8,3,5,2,19,8,131,61,0,68,0
331.43,3,5,2,30,27,21,11,143,79,0,6,6,1,1,6,6,100.0,1231.43,3,5,2,22,12,147,83,0,25,0
0.13,3,5,2,19,16,20,10,133,70,1,5,4,0,0,2,2,2000.0,3000.13,3,5,2,19,9,126,64,1,32,0
55.77,3,5,2,30,26,22,12,148,84,0,6,6,1,1,1,1,4100.0,5521.77,3,5,2,21,8,143,60,1,39,0
0.0,3,5,2,26,25,21,12,143,82,0,6,6,1,1,3,3,3.9,3.9,3,5,2,21,9,140,64,1,29,0
49.56,3,5,2,31,29,22,12,152,90,0,6,6,1,1,7,6,2090.0,13049.56,3,5,2,22,11,147,74,1,44,0
7.63,3,5,2,31,30,22,11,147,76,0,6,6,1,1,7,5,450.0,859.63,3,5,2,19,6,125,40,1,38,0
0.0,3,5,2,31,5,22,9,152,63,0,6,6,1,1,1,1,5000.0,5000.0,3,5,2,22,9,149,61,1,33,0
1748.12,3,5,2,31,28,22,10,147,68,0,6,6,1,1,1,1,9028.39,10776.51,3,4,1,17,5,111,31,0,36,0
52.28,3,5,2,31,30,22,13,150,89,0,6,6,1,1,1,1,4789.89,4842.17,3,5,2,22,9,147,58,0,58,0
0.0,3,4,1,28,27,17,8,117,56,0,6,6,1,1,1,1,15.0,21.93,3,4,1,17,8,116,55,0,56,0
1000.13,3,5,2,29,28,22,12,150,88,0,6,6,1,1,15,15,51.3,56929.13,3,5,2,22,11,150,80,0,38,0
0.2,3,5,2,31,26,22,12,149,84,0,6,6,1,1,4,4,3.0,3.49,3,5,2,22,9,149,60,0,22,0
2892.01,4,5,1,25,19,22,7,146,49,0,3,3,0,0,2,2,0.01,0.01,3,5,2,22,9,152,67,1,38,0
0.0,3,5,2,31,30,22,9,151,62,0,6,6,1,1,1,1,2000.0,2000.0,3,5,2,22,9,151,62,0,31,0
13781.97,3,5,2,30,28,22,10,151,74,0,6,6,1,1,3,3,800.0,26668.78,3,5,2,22,10,152,73,0,42,0
1.58,3,5,2,29,27,22,12,148,86,0,6,6,1,1,3,4,2.46,449.21,3,5,2,22,12,147,85,1,39,0
0.49,3,5,2,31,30,22,12,152,90,0,6,6,1,1,6,5,29.82,80.49,3,5,2,21,11,141,79,1,35,0
8.43,3,5,2,31,30,22,13,152,91,0,6,6,1,1,4,5,57.82,4691.43,3,5,2,22,12,152,90,0,41,0
0.71,3,5,2,29,28,21,12,143,82,0,6,6,1,1,15,11,5.0,222.29,3,5,2,22,13,146,85,0,38,0
19.39,3,5,2,31,30,22,13,146,85,0,6,6,1,1,7,7,90.0,275.43,3,5,2,21,11,139,72,0,40,0
634.6,3,5,2,30,29,22,13,151,90,0,6,6,1,1,5,5,103.0,1695.09,3,5,2,22,11,151,81,1,32,0
0.0,3,5,2,31,30,21,12,142,81,0,6,6,1,1,5,4,1.0,37.26,3,5,2,21,12,142,81,0,18,0
37.67,3,5,2,31,30,22,13,152,91,0,6,6,1,1,7,2,14.0,1162.43,3,5,2,22,11,152,82,1,46,0
0.0,3,5,2,30,28,20,10,137,71,1,6,5,1,1,3,2,3.0,147.88,3,5,2,20,11,134,73,1,50,0
0.0,3,5,2,29,28,20,11,136,75,0,6,6,1,1,13,6,0.01,0.71,3,5,2,20,11,136,75,0,22,0
2.28,3,5,2,31,30,21,11,140,78,0,6,6,1,1,3,3,90.0,402.96,3,5,2,20,10,137,75,0,39,0
8.03,3,5,2,30,29,22,13,147,86,0,6,6,1,1,9,6,6.95,478.6,3,5,2,22,11,152,83,0,32,0
23295.95,3,5,2,30,29,22,13,151,90,0,6,6,1,1,4,2,0.09,33623.44,3,5,2,22,13,152,91,1,41,0
0.18,3,5,2,30,29,22,12,151,87,0,6,6,1,1,25,13,1.9,6.08,3,5,2,22,12,151,87,0,37,0
578.97,3,5,2,27,26,21,11,140,78,0,6,6,1,1,3,4,800.0,2974.98,3,5,2,21,9,140,60,0,33,0
16346.48,3,5,2,31,30,22,12,152,87,0,6,6,1,1,4,4,45.0,16996.48,3,5,2,22,13,152,91,0,47,0
11.28,3,5,2,31,30,22,12,147,84,0,6,6,1,1,10,8,400.0,1111.33,3,5,2,21,11,144,81,0,51,0
3944.32,3,5,2,31,30,22,12,152,86,0,6,6,1,1,4,4,10.0,5668.54,3,5,2,22,11,152,77,1,62,0
86.07,3,5,2,31,28,22,12,146,80,0,6,6,1,1,4,3,190.0,1019.33,3,5,2,22,12,146,80,0,49,0
83144.51,3,5,2,31,29,22,12,152,90,0,6,6,1,1,1,1,10000.0,93221.19,3,5,2,19,7,130,49,0,74,0
5794.98,3,5,2,30,28,20,10,137,75,0,6,6,1,1,3,4,1000.0,7794.98,3,5,2,21,9,140,60,0,48,0
31.59,3,5,2,31,30,22,9,152,65,0,6,6,1,1,2,2,5100.0,18086.32,3,3,0,13,0,84,0,0,64,0
1089.99,3,5,2,29,25,21,11,144,79,0,6,6,1,1,3,2,1000.0,3441.71,3,5,2,20,9,136,61,0,43,0
34254.86,3,5,2,31,30,22,12,152,89,0,6,6,1,1,2,2,48.8,37547.03,3,5,2,19,9,129,61,0,41,0
16.57,3,5,2,20,18,21,11,141,79,0,6,6,1,1,4,4,300.0,318.62,3,5,2,20,9,134,60,1,44,0
0.03,3,5,2,31,30,22,12,152,87,0,6,6,1,1,4,4,1.0,2.74,3,5,2,22,12,151,86,0,34,0
23.74,3,5,2,31,22,22,11,152,83,0,6,6,1,1,2,1,497.25,596.7,3,5,2,22,13,151,90,1,40,0
0.89,3,5,2,29,28,22,13,150,89,0,6,6,1,1,4,3,2.0,2.89,3,5,2,22,13,150,89,0,41,0
0.7,3,5,2,28,27,22,12,149,87,0,6,6,1,1,5,4,0.09,2293.8,3,5,2,22,12,149,87,0,32,0
90082.8,3,5,2,30,15,22,10,151,69,0,6,6,1,1,5,4,79.9,133006.8,3,5,2,22,9,152,64,1,40,0
3.98,3,5,2,31,30,22,13,152,91,0,6,6,1,1,9,5,0.01,71.18,3,5,2,22,13,152,91,0,21,0
51707.01,3,5,2,30,29,21,10,144,72,0,6,6,1,1,3,3,106.23,80241.25,3,5,2,21,12,143,82,0,30,0
1.3,3,5,2,31,30,22,13,152,91,0,6,6,1,1,12,6,7.56,101.3,3,5,2,22,12,152,90,1,49,0
3.8,3,5,2,31,30,22,13,152,91,0,6,6,1,1,8,4,0.2,262.5,3,5,2,22,12,152,90,0,33,0
14.64,3,5,2,31,26,22,12,152,87,0,6,6,1,1,6,3,50.0,326.45,3,5,2,22,11,151,78,0,30,0
301.91,3,5,2,31,30,22,12,152,90,0,6,6,1,1,13,8,0.84,1001.91,3,5,2,22,12,152,90,1,30,0
10.65,3,5,2,30,29,22,13,150,89,0,6,6,1,1,5,4,3.0,13.65,3,5,2,22,10,149,73,1,26,0
2458.35,3,5,2,31,30,22,11,152,79,1,6,5,1,1,2,2,158.2,4800.35,3,5,2,22,13,152,91,1,26,0
1.54,3,5,2,31,30,22,12,152,88,0,6,6,1,1,7,5,299.7,416.98,3,5,2,21,11,141,75,1,33,0
5226.87,3,5,2,29,28,19,8,130,58,0,6,6,1,1,4,5,224.0,17242.85,3,5,2,22,9,147,63,0,38,0
0.0,3,5,2,31,30,22,11,152,82,0,6,6,1,1,2,2,2000.0,2000.0,3,5,2,20,9,136,66,0,49,0
9.88,3,5,2,30,29,22,12,151,85,0,6,6,1,1,3,3,1000.0,1209.88,3,5,2,22,11,150,75,0,32,0
79.93,3,5,2,21,19,21,11,142,80,0,4,4,0,0,4,4,280.0,2839.93,3,5,2,20,10,136,68,0,27,0
8.19,3,5,2,30,29,22,13,150,89,0,6,6,1,1,3,3,100.0,3543.3,3,5,2,22,11,146,72,1,41,0
0.0,3,5,2,29,26,22,9,150,67,0,6,6,1,1,2,2,1000.0,2500.0,3,5,2,20,8,136,54,1,40,0
2538.63,3,5,2,31,29,22,12,152,89,0,6,6,1,1,5,4,112.0,5071.81,4,5,1,22,8,151,56,0,58,0
71.53,3,5,2,31,29,22,12,152,90,0,6,6,1,1,3,2,22.94,444.41,3,5,2,22,13,152,91,1,55,0
29967.76,3,5,2,30,29,22,13,151,90,0,6,6,1,1,4,3,6.99,30339.23,3,5,2,22,12,146,84,1,34,0
2.02,3,5,2,30,29,22,13,147,86,0,6,6,1,1,1,1,9002.05,9474.51,3,5,2,20,9,136,61,1,41,0
605.93,3,5,2,31,30,22,13,152,91,0,6,6,1,1,3,2,300.0,2881.76,3,5,2,20,8,138,62,0,67,0
0.17,3,5,2,31,29,22,12,152,87,0,6,6,1,1,2,2,100.0,100.22,3,5,2,22,12,152,87,1,46,0
0.51,3,3,0,28,25,13,3,88,25,1,5,4,0,0,5,5,6.0,108.31,3,3,0,13,3,88,25,0,36,0
5.01,4,5,1,29,28,21,5,139,35,0,6,6,1,1,3,3,4500.0,4505.01,4,5,1,20,4,137,33,0,31,0
0.66,3,5,2,30,29,22,13,151,90,0,6,6,1,1,15,10,1.91,19.06,3,5,2,22,13,146,85,1,27,0
1.2,3,5,2,31,29,22,12,152,88,0,6,6,1,1,4,3,13.99,240.39,3,5,2,21,11,143,79,1,54,0
77.0,5,5,0,29,7,22,1,150,7,0,6,6,1,1,1,1,5000.0,100000.0,5,5,0,21,0,143,3,1,52,0
0.63,3,5,2,30,29,22,12,150,87,0,6,6,1,1,8,5,40.0,42.94,3,5,2,22,12,150,87,1,30,0
5.46,3,5,2,31,30,22,12,152,90,0,6,6,1,1,2,3,130.0,887.13,3,5,2,20,9,136,61,0,34,0
44.59,3,5,2,31,30,22,13,152,91,0,6,6,1,1,7,7,0.01,1661.84,3,5,2,21,11,143,76,0,33,0
1.24,3,5,2,28,24,21,11,145,77,0,6,6,1,1,4,3,5.0,202.16,3,5,2,21,11,145,77,1,38,0
0.44,3,5,2,31,27,22,12,152,88,0,6,6,1,1,6,5,564.0,564.44,3,5,2,22,11,152,79,1,32,0
4.58,3,5,2,31,30,22,13,152,91,0,6,6,1,1,12,8,0.06,40.4,3,5,2,21,11,142,79,1,37,0
0.0,3,5,2,31,30,19,10,128,67,0,6,6,1,1,9,6,119.7,119.7,3,5,2,19,10,127,66,0,56,0
1.8,3,5,2,31,30,22,13,152,91,0,6,6,1,1,2,2,25.0,45.68,3,5,2,22,13,148,87,0,37,0
36464.62,3,5,2,31,30,22,13,152,91,1,6,5,1,1,3,3,5273.1,86464.62,3,5,2,21,12,145,84,0,52,0
0.27,3,5,2,31,30,22,13,152,91,0,6,6,1,1,4,4,500.0,646.26,3,5,2,22,12,152,90,1,26,0
17835.83,3,5,2,31,30,22,13,151,90,0,6,6,1,1,9,7,1.26,17840.73,3,5,2,22,12,148,86,0,65,0
0.63,3,5,2,31,30,21,11,143,81,0,6,6,1,1,4,4,15.0,60.63,3,5,2,21,12,143,82,1,56,0
1735.63,3,5,2,31,30,22,12,152,90,0,6,6,1,1,14,6,16.9,1972.63,3,5,2,22,13,152,91,1,48,0
10786.1,3,5,2,31,26,22,11,152,81,0,6,6,1,1,4,4,41.4,11403.34,3,5,2,22,12,152,89,1,34,0
0.0,3,5,2,29,28,21,11,139,77,0,6,6,1,1,3,3,200.0,5003.18,3,5,2,20,10,137,75,1,61,0
8333.35,3,5,2,31,30,22,13,152,91,0,6,6,1,1,4,4,0.14,8487.35,3,5,2,20,9,136,61,0,32,0
29666.39,3,5,2,31,30,22,13,152,91,0,6,6,1,1,2,2,1.0,33898.24,3,5,2,20,9,133,60,1,33,0
750.16,3,5,2,31,30,22,13,152,91,0,6,6,1,1,12,10,19.9,5989.94,3,5,2,22,12,152,89,0,36,0
2.45,3,5,2,31,30,22,13,152,91,0,6,6,1,1,4,4,1675.0,1967.45,3,5,2,21,9,140,63,1,44,0
9.15,3,5,2,30,29,22,10,147,67,0,6,6,1,1,1,1,390.0,497.65,3,5,2,20,9,136,61,0,37,0
0.15,3,5,2,31,29,22,12,150,86,0,6,6,1,1,12,5,20.0,20.15,3,5,2,22,12,150,86,0,34,0
0.0,3,5,2,31,30,22,10,149,72,0,6,6,1,1,9,5,1.0,90.64,3,5,2,22,11,146,72,0,25,0
3.03,3,4,1,23,22,17,8,114,53,0,6,6,1,1,2,2,1000.0,37003.03,3,4,1,16,7,109,48,0,59,0
81.32,3,5,2,31,30,22,12,152,90,0,6,6,1,1,11,7,4.5,517.78,3,5,2,22,12,152,88,0,31,0
2910.02,3,5,2,27,26,22,12,148,86,0,6,6,1,1,3,3,30.0,6578.02,3,5,2,18,8,123,61,0,29,0
1192.17,3,4,1,29,28,14,5,95,34,0,6,6,1,1,15,10,200.0,2922.82,3,3,0,13,4,84,23,0,50,0
14647.97,3,5,2,22,20,21,10,143,74,0,6,6,1,1,4,3,0.02,23738.62,3,5,2,22,13,152,91,1,36,0
172.23,3,5,2,31,30,22,13,150,89,0,6,6,1,1,16,12,0.5,392.2,3,5,2,22,13,151,90,0,30,0
0.0,3,5,2,31,30,22,12,152,88,0,6,6,1,1,3,2,9.84,10.27,3,5,2,22,12,152,88,1,26,0
0.07,3,5,2,31,29,22,12,148,86,0,6,6,1,1,6,5,57.9,115.2,3,5,2,20,10,137,75,0,24,0
1047.5,3,5,2,29,28,21,9,140,60,0,6,6,1,1,2,2,100.0,2100.0,3,5,2,22,11,146,74,0,38,0
5341.35,3,5,2,31,30,22,13,152,91,0,6,6,1,1,27,15,9.71,14342.95,3,5,2,22,13,152,91,1,32,0
9.16,3,5,2,31,30,22,13,152,91,0,6,6,1,1,2,2,148.0,1289.16,3,5,2,22,13,150,89,1,33,0
0.0,3,5,2,31,30,22,13,152,91,0,6,6,1,1,8,3,10.0,19.52,3,5,2,22,12,152,86,0,37,0
259.89,3,5,2,31,30,22,13,152,91,0,6,6,1,1,6,5,4.9,268.29,3,5,2,20,9,137,67,1,26,0
0.03,3,5,2,31,30,22,13,151,90,0,6,6,1,1,6,5,3.33,69.93,3,5,2,22,12,151,88,1,23,0
12.64,3,5,2,31,30,21,10,139,65,0,6,6,1,1,2,2,5360.57,5418.14,3,5,2,20,9,137,64,0,50,0
61.55,3,5,2,31,29,22,12,146,79,0,6,6,1,1,4,4,59.88,2361.55,3,5,2,22,12,150,83,1,34,0
0.66,3,5,2,11,8,20,9,132,62,0,6,6,1,1,7,6,500.0,500.99,3,5,2,20,9,132,62,0,24,0
0.19,3,5,2,31,30,22,12,152,89,0,6,6,1,1,8,5,40.0,519.69,3,5,2,22,12,149,84,1,22,0
2.53,3,5,2,30,28,22,11,151,82,0,6,6,1,1,6,6,247.5,587.53,3,5,2,21,11,145,77,0,71,0
3302.82,3,5,2,30,29,22,13,151,90,0,6,6,1,1,8,5,83.95,3706.1,3,5,2,22,12,151,86,1,46,0
0.63,3,5,2,31,30,21,11,145,82,1,6,5,1,1,2,1,677.28,1501.12,3,5,2,21,11,144,80,0,42,0
0.42,3,5,2,31,30,22,13,152,91,0,6,6,1,1,9,6,0.23,0.65,3,5,2,22,12,152,88,0,31,0
194.33,3,5,2,15,14,19,9,126,64,0,6,6,1,1,2,2,700.0,3194.33,3,5,2,19,10,126,65,1,45,0
2.56,3,5,2,31,30,22,13,152,91,0,6,6,1,1,8,6,0.45,580.06,3,5,2,22,12,151,85,1,26,0
56081.27,3,5,2,31,30,22,13,152,91,0,6,6,1,1,4,3,10.43,57081.27,3,5,2,21,11,145,83,1,45,0
188.16,3,5,2,31,30,22,12,152,90,0,6,6,1,1,5,5,339.66,4859.96,3,5,2,20,9,136,62,0,33,0
2.54,3,5,2,31,30,22,13,152,91,0,6,6,1,1,8,8,0.15,15.64,3,5,2,22,12,146,84,0,22,0
0.14,3,5,2,29,28,22,12,149,83,0,6,6,1,1,6,5,100.0,257.27,3,5,2,22,12,149,86,0,48,0
94493.46,3,5,2,29,25,22,10,150,72,0,6,6,1,1,7,6,9.9,35859.85,3,5,2,21,12,140,79,1,29,0
14.69,3,5,2,31,30,22,13,152,91,0,6,6,1,1,3,3,200.0,1996.69,3,5,2,22,12,150,82,0,51,0
0.67,3,5,2,31,30,22,13,152,91,0,6,6,1,1,40,10,3.0,50.67,3,5,2,22,13,152,91,1,26,0
0.0,3,5,2,28,26,22,11,148,79,0,6,6,1,1,11,9,6700.0,7799.84,3,5,2,22,11,151,79,0,34,0
4.96,3,5,2,31,30,22,13,152,91,0,6,6,1,1,4,4,200.0,277.0,3,5,2,21,9,139,58,1,46,0
0.47,3,5,2,31,30,22,13,152,91,0,6,6,1,1,4,3,995.0,1004.69,3,5,2,22,13,152,91,1,40,0
10.99,3,5,2,26,24,21,11,141,78,0,6,6,1,1,5,4,65.18,79.26,3,5,2,20,10,132,68,0,34,0
26.67,3,5,2,31,30,22,13,152,91,0,6,6,1,1,11,9,0.01,151.25,3,5,2,22,13,152,91,0,52,0
0.63,3,5,2,31,30,22,13,152,91,0,6,6,1,1,4,4,8000.0,8180.63,3,5,2,22,11,152,83,1,54,0
257.88,3,5,2,29,27,21,11,142,80,0,6,6,1,1,2,2,15.0,300.65,3,5,2,22,13,151,90,1,27,0
16.69,3,5,2,30,29,22,13,149,88,0,6,6,1,1,13,11,81.0,626.66,3,5,2,22,12,149,87,0,34,0
700.78,3,5,2,28,25,22,12,146,83,0,6,6,1,1,6,5,30.0,9419.98,3,5,2,22,12,151,88,1,25,0
307.9,3,5,2,27,6,21,8,145,62,0,6,6,1,1,3,3,0.03,29433.83,3,5,2,22,13,152,91,1,42,0
23459.64,3,5,2,29,28,22,12,149,85,1,6,5,1,1,3,2,9.29,34223.93,3,5,2,20,8,137,61,0,54,0
0.31,3,5,2,31,30,22,12,152,90,0,6,6,1,1,11,8,10.0,11.21,3,5,2,22,12,152,90,1,38,0
3783.9,3,5,2,31,30,22,13,152,91,0,6,6,1,1,2,2,2256.08,9606.67,3,5,2,20,9,136,61,0,35,0
0.0,3,5,2,31,30,22,13,146,85,0,6,6,1,1,8,6,1.0,2.99,3,5,2,19,9,131,69,0,39,0
6.5,3,5,2,31,30,22,12,151,84,0,6,6,1,1,11,7,0.01,109.98,3,5,2,22,12,149,82,1,21,0
4495.0,5,5,0,31,19,22,2,152,19,1,6,5,1,1,1,2,100.0,14595.0,5,5,0,22,1,150,7,1,54,0
526.92,3,5,2,30,29,21,10,140,70,0,6,6,1,1,2,2,10000.0,56767.11,3,5,2,21,10,139,70,0,50,0
0.36,3,5,2,31,29,22,9,152,67,0,6,6,1,1,3,2,200.0,201.75,3,5,2,22,9,152,68,0,34,0
0.0,3,5,2,30,29,22,11,151,81,1,6,5,1,1,9,8,100.0,100.69,3,5,2,22,11,151,81,1,48,0
0.01,3,5,2,31,30,22,13,152,91,0,6,6,1,1,6,4,12.8,100.6,3,5,2,22,13,152,91,1,36,0
31.7,3,5,2,31,27,22,10,152,76,0,6,6,1,1,2,2,200.0,260.03,3,5,2,22,11,151,78,0,45,0
2926.39,3,5,2,30,25,22,12,151,84,0,6,6,1,1,4,4,1440.0,7926.39,3,5,2,22,12,148,81,1,49,0
16.55,3,5,2,31,30,22,11,151,76,1,6,5,1,1,7,5,0.2,159.11,3,5,2,19,7,127,49,0,33,0
13.09,3,5,2,31,30,22,10,151,75,0,6,6,1,1,4,3,0.25,1064.46,3,5,2,22,11,152,77,0,30,0
29.19,3,5,2,29,21,21,10,139,69,0,6,6,1,1,4,3,2900.0,3073.34,3,5,2,20,10,133,65,0,37,0
862.16,3,5,2,28,27,22,12,146,84,0,6,6,1,1,14,7,0.3,1757.15,3,5,2,22,12,152,90,1,51,0
46.29,3,5,2,31,30,22,13,152,91,0,6,6,1,1,9,7,27.0,74.29,3,5,2,22,13,152,91,0,31,0
0.22,3,5,2,29,21,21,10,145,73,0,6,6,1,1,3,3,5.0,5.61,3,5,2,19,9,129,61,0,64,0
0.0,3,5,2,31,23,20,8,133,51,0,6,6,1,1,4,3,63.36,63.36,3,5,2,22,10,152,71,1,32,0
21.82,3,5,2,31,30,22,12,151,89,0,6,6,1,1,4,5,24.8,410.02,3,5,2,22,11,151,78,1,30,0
0.0,3,5,2,31,28,22,12,152,87,0,6,6,1,1,10,3,0.61,2.0,3,5,2,22,12,150,85,1,25,0
0.3,3,5,2,31,30,21,12,141,80,0,6,6,1,1,15,7,12.0,12.3,3,5,2,21,12,141,80,0,38,0
0.16,4,5,1,31,30,22,8,152,60,0,6,6,1,1,4,1,992.41,1793.95,4,5,1,22,8,152,60,0,42,0
0.29,3,5,2,31,30,22,13,152,91,0,6,6,1,1,6,3,0.58,1.39,3,5,2,22,12,152,87,0,39,0
21889.56,3,5,2,26,25,21,10,140,65,0,6,6,1,1,3,3,90.0,22685.05,3,5,2,22,10,146,69,0,44,0
0.37,3,5,2,30,29,22,13,150,89,0,6,6,1,1,17,11,0.04,0.81,3,5,2,22,13,152,91,0,82,0
14.05,3,5,2,31,30,21,12,143,82,0,6,6,1,1,2,2,5950.0,6274.05,3,5,2,21,9,143,63,0,40,0
250.14,3,5,2,31,30,22,11,152,82,0,6,6,1,1,6,3,5.9,1442.42,3,5,2,22,11,152,82,0,33,0
2910.41,3,5,2,31,30,22,13,152,91,0,6,6,1,1,12,5,0.9,3174.15,3,5,2,22,12,149,87,1,24,0
42.06,3,5,2,28,22,22,12,149,82,0,6,6,1,1,4,4,300.0,3832.94,3,5,2,22,12,146,83,1,50,0
0.48,3,5,2,31,30,22,12,149,87,0,6,6,1,1,6,4,0.01,19.59,3,5,2,22,12,149,81,1,37,0
8.24,3,5,2,30,23,22,12,151,84,1,5,4,0,0,2,2,0.01,0.01,3,5,2,22,13,151,90,1,40,0
19784.16,3,5,2,30,29,21,12,145,84,0,6,6,1,1,3,2,30.0,19992.53,3,5,2,21,11,145,83,0,33,0
0.65,3,5,2,31,30,22,13,152,91,0,6,6,1,1,7,6,33.49,100.65,3,5,2,22,12,152,90,1,39,0
0.24,3,5,2,31,30,22,12,149,87,0,6,6,1,1,5,4,37.75,38.93,3,5,2,22,12,149,87,0,56,0
0.55,4,5,1,30,29,22,7,150,47,0,6,6,1,1,4,4,16.13,351.99,4,5,1,21,6,143,41,1,26,0
0.0,3,4,1,16,14,15,5,97,35,0,6,6,1,1,2,2,198.0,244.1,3,3,0,11,1,74,12,0,48,0
8.5,3,5,2,31,30,22,13,152,91,0,6,6,1,1,8,5,13.0,40.0,3,5,2,22,13,152,91,1,44,0
0.0,3,5,2,31,30,22,13,150,89,0,6,6,1,1,6,6,1.8,6.17,3,5,2,22,12,150,88,0,40,0
13.02,3,5,2,30,29,22,9,149,66,0,6,6,1,1,2,1,50.0,99.26,3,5,2,21,9,141,65,0,46,0
0.0,3,5,2,31,30,22,13,150,89,0,6,6,1,1,7,4,1.0,2.38,3,5,2,22,13,150,89,0,25,0
530.83,3,5,2,31,29,22,12,152,84,0,6,6,1,1,3,3,250.64,5530.83,3,5,2,21,11,145,79,0,53,0
2.06,3,5,2,31,30,22,13,152,91,0,6,6,1,1,5,4,150.0,2785.94,3,5,2,22,9,152,66,0,55,0
1133.39,3,5,2,31,30,22,13,152,91,0,6,6,1,1,2,1,167.85,33420.83,3,5,2,22,13,152,91,0,52,0
1.5,4,5,1,31,30,22,5,152,41,0,6,6,1,1,3,3,31.93,503.2,4,5,1,21,4,140,29,0,21,0
0.0,3,5,2,31,30,22,12,148,84,0,6,6,1,1,5,4,0.07,3.87,3,5,2,22,12,147,83,0,22,0
0.43,3,5,2,31,28,22,11,152,81,0,6,6,1,1,12,12,1.0,310.93,3,5,2,22,11,151,81,0,34,0
0.0,3,5,2,29,24,22,12,150,85,0,6,6,1,1,4,4,16.24,23.94,3,5,2,21,12,141,80,1,37,0
101.5,3,5,2,31,30,22,13,152,91,0,6,6,1,1,7,4,0.69,962.81,3,5,2,22,11,152,82,1,30,0
1.92,3,5,2,28,27,20,11,137,76,0,6,6,1,1,4,2,200.0,8605.4,3,5,2,20,11,133,72,0,48,0
67.38,3,5,2,31,30,22,12,152,90,0,6,6,1,1,40,15,25.0,542.82,3,5,2,22,13,152,91,1,37,0
107.23,3,5,2,29,25,22,11,148,78,0,6,6,1,1,3,3,300.0,7107.23,3,5,2,20,9,136,63,1,46,0
626.22,3,5,2,30,29,22,9,147,58,0,6,6,1,1,4,3,0.02,666.22,3,5,2,22,10,147,68,1,35,0
0.92,3,5,2,31,30,22,12,152,84,0,6,6,1,1,6,5,1.0,678.19,3,5,2,22,12,150,83,0,64,0
6.87,3,5,2,31,30,22,13,152,91,0,6,6,1,1,4,4,39.8,1093.32,3,5,2,22,12,152,88,1,40,0
1193.53,3,5,2,31,30,22,13,152,91,0,6,6,1,1,5,3,40.0,1993.53,3,5,2,22,12,146,81,0,26,0
5.56,3,5,2,27,26,21,12,143,82,0,6,6,1,1,8,6,0.56,75.56,3,5,2,21,12,143,82,1,33,0
0.0,3,5,2,29,13,22,9,150,66,0,6,6,1,1,3,3,1414.8,2915.27,3,5,2,22,10,146,69,1,35,0
17000.0,3,5,2,31,30,22,12,152,90,0,6,6,1,1,3,3,500.0,19470.0,3,5,2,22,12,152,90,0,39,0
302.39,3,5,2,27,26,20,11,137,76,0,6,6,1,1,4,4,19.8,6077.39,3,5,2,21,12,143,82,0,50,0
150.81,3,5,2,31,30,21,11,145,83,0,6,6,1,1,3,2,0.89,171.65,3,5,2,21,11,141,79,0,39,0
13810.31,4,5,1,31,30,22,7,152,51,0,6,6,1,1,7,4,2.98,14004.31,4,5,1,22,7,151,52,1,31,0
23.68,3,5,2,29,28,22,12,150,88,0,6,6,1,1,8,6,400.0,1020.98,3,5,2,22,12,150,88,1,36,0
0.17,3,5,2,31,30,22,13,151,90,0,6,6,1,1,14,7,0.78,1.13,3,5,2,22,13,152,91,0,38,0
918.0,5,5,0,31,26,22,3,152,26,1,6,5,1,1,5,4,50000.0,50000.0,5,5,0,22,3,151,26,0,49,0
0.0,3,5,2,31,29,22,12,152,90,0,6,6,1,1,6,5,100.0,264.0,3,5,2,22,12,146,84,0,29,0
0.0,3,5,2,31,30,22,13,152,91,0,6,6,1,1,6,4,29.8,108.27,3,5,2,22,12,150,82,1,25,0
0.09,3,5,2,31,30,22,12,152,88,0,6,6,1,1,7,6,5.0,150.09,3,5,2,22,12,150,85,0,34,0
1.93,3,5,2,29,28,22,12,147,85,0,6,6,1,1,6,3,61.47,101.93,3,5,2,22,12,147,83,0,26,0
894.86,3,5,2,29,28,22,13,150,89,0,6,6,1,1,17,10,2300.0,6907.12,3,5,2,22,12,150,84,0,26,0
1.35,3,5,2,31,30,22,13,152,91,0,6,6,1,1,3,2,100.0,101.35,3,5,2,22,12,149,85,0,47,0
21642.5,3,5,2,31,29,22,12,152,89,0,6,6,1,1,1,2,150.0,66250.28,3,5,2,21,10,140,70,0,48,0
0.0,3,5,2,30,26,22,11,150,79,0,6,6,1,1,2,2,5000.0,5000.0,3,5,2,21,10,139,64,1,51,0
0.04,3,5,2,31,28,22,12,152,88,0,6,6,1,1,5,4,27.93,29.24,3,5,2,22,12,152,88,0,30,0
11.06,3,5,2,28,26,22,12,148,85,0,6,6,1,1,3,3,1400.0,1511.06,3,5,2,19,9,126,64,0,35,0
0.14,3,5,2,28,27,22,13,148,87,0,6,6,1,1,3,2,1992.8,2093.45,3,5,2,22,13,148,87,1,47,0
0.0,3,5,2,31,30,21,12,140,79,0,6,6,1,1,3,3,127.27,491.85,3,5,2,20,11,132,71,0,56,0
2776.27,3,5,2,21,20,20,9,137,64,0,6,6,1,1,4,4,500.0,27957.59,3,4,1,14,4,96,31,0,54,0
0.13,3,5,2,30,29,22,13,149,88,0,6,6,1,1,5,3,1.88,5.13,3,5,2,22,13,149,88,0,32,0
49.52,3,5,2,21,19,21,11,142,80,0,6,6,1,1,4,3,4000.0,5261.58,3,5,2,21,9,141,63,1,43,0
1399.61,3,5,2,29,28,20,9,136,63,0,6,6,1,1,4,4,5000.0,342399.61,3,5,2,20,8,133,51,1,37,0
16.17,3,5,2,28,26,20,10,137,75,0,6,6,1,1,3,3,0.99,220.33,3,5,2,21,11,144,79,0,48,0
1353.67,3,5,2,30,17,22,11,151,78,0,6,6,1,1,5,4,4000.0,6170.16,3,5,2,22,11,151,79,0,41,0
0.0,3,5,2,29,23,22,12,149,82,0,6,6,1,1,4,4,3200.0,11776.71,3,5,2,21,11,145,77,0,40,0
18.29,3,5,2,29,27,22,12,150,82,0,6,6,1,1,2,3,297.09,1142.46,3,5,2,21,11,145,78,1,44,0
2837.55,3,5,2,31,30,22,13,150,89,0,6,6,1,1,4,4,98.99,9895.27,3,5,2,21,11,145,83,0,55,0
0.42,3,5,2,31,27,22,12,152,88,0,6,6,1,1,3,3,10.0,68.21,3,5,2,22,12,152,89,0,28,0
0.74,3,5,2,31,29,22,12,152,90,0,6,6,1,1,7,7,100.0,100.74,3,5,2,22,12,152,90,1,39,0
2.23,3,5,2,31,30,22,13,152,91,0,6,6,1,1,6,4,9.42,295.3,3,5,2,22,11,152,80,0,42,0
312.5,3,5,2,28,26,21,11,141,79,0,6,6,1,1,9,6,0.84,649.08,3,5,2,19,9,129,67,0,35,0
74.02,4,5,1,26,12,21,4,145,31,0,6,6,1,1,7,6,90.0,9567.16,3,5,2,21,8,140,55,1,39,0
1790.37,3,5,2,31,30,22,12,152,90,0,6,6,1,1,10,8,6.97,2637.05,3,5,2,22,12,152,85,1,48,0
1440.28,3,5,2,31,30,22,13,152,91,0,6,6,1,1,13,6,3.34,1640.28,3,5,2,22,12,151,88,1,26,0
0.0,3,5,2,31,28,22,12,152,89,0,6,6,1,1,7,8,1.44,3555.66,3,5,2,22,12,150,86,0,32,0
1322.82,3,5,2,30,29,22,13,149,88,0,6,6,1,1,9,6,13.52,9322.82,3,5,2,21,12,144,83,0,46,0
7209.6,3,5,2,30,26,22,11,151,79,0,6,6,1,1,5,5,2000.0,20051.92,3,4,1,17,7,112,45,1,55,0
0.07,3,5,2,31,30,21,11,144,82,0,6,6,1,1,10,8,1.0,148.52,3,5,2,22,12,150,88,1,46,0
0.79,3,5,2,31,30,22,13,152,91,0,6,6,1,1,4,4,300.0,6964.67,3,4,1,17,6,113,40,0,27,0
23.88,3,5,2,27,25,22,11,148,78,0,6,6,1,1,7,6,200.0,2223.88,3,5,2,22,11,148,78,0,43,0
80.0,3,5,2,31,30,22,12,152,90,0,6,6,1,1,6,6,2000.0,3300.34,3,5,2,22,13,150,89,0,40,0
0.0,3,4,1,15,14,15,6,97,36,0,6,6,1,1,5,5,39.0,39.0,3,3,0,10,1,65,4,1,35,0
0.0,3,5,2,26,24,22,11,147,74,0,6,6,1,1,2,3,500.0,500.0,3,5,2,22,11,147,74,0,62,0
0.03,3,5,2,28,27,22,11,149,77,0,6,6,1,1,4,4,1.25,4.54,3,5,2,22,11,149,77,0,38,0
179.6,3,5,2,22,21,20,10,134,72,0,6,6,1,1,2,1,1.61,5147.15,3,5,2,18,8,122,60,0,42,0
0.0,3,5,2,31,30,22,12,152,89,0,6,6,1,1,4,4,1.0,4.95,3,5,2,22,10,146,68,1,41,0
5469.65,3,5,2,30,29,22,13,151,90,0,6,6,1,1,5,4,14.8,8164.64,3,5,2,20,9,138,63,0,38,0
0.0,3,5,2,31,30,22,13,150,89,0,6,6,1,1,7,4,10.0,27.8,3,5,2,22,13,150,89,0,44,0
0.19,3,5,2,30,29,20,8,137,60,1,6,5,1,1,84,17,100.0,340.44,3,5,2,18,6,122,42,0,39,1
0.91,3,5,2,19,10,20,8,132,54,0,6,6,1,1,13,9,1.0,22.91,5,5,0,20,1,135,5,0,24,1
4.75,4,5,1,30,27,19,1,125,4,0,6,6,1,1,28,11,10.0,10.25,4,5,1,19,1,125,4,0,30,1
0.0,5,5,0,26,6,22,1,147,6,0,6,6,1,1,18,8,10.0,10.0,5,5,0,22,1,148,7,0,30,1
0.43,3,5,2,25,22,21,11,144,79,0,6,6,1,1,10,8,1.0,2.43,3,5,2,21,11,144,79,0,40,1
2.09,3,3,0,22,1,12,0,82,1,5,6,1,1,1,25,11,10.0,10.09,3,3,0,12,0,82,1,0,24,1
106.59,4,5,1,30,29,22,7,147,50,0,6,6,1,1,16,10,8.9,802.73,4,5,1,22,7,147,50,1,31,1
0.17,3,5,2,28,25,19,9,129,66,0,6,6,1,1,5,5,3.1,3.27,3,5,2,19,9,129,66,0,19,1
0.0,5,5,0,5,4,19,1,126,4,1,5,4,0,0,8,8,1.0,1.0,5,5,0,19,1,126,4,0,27,1
125.6,3,5,2,21,14,21,11,142,75,0,6,6,1,1,3,3,3000.0,5894.89,3,5,2,21,9,140,64,0,36,1
0.82,3,5,2,16,9,19,9,129,62,3,5,2,0,0,4,2,60.0,60.85,3,5,2,19,9,129,64,1,30,1
2.07,3,4,1,31,30,15,6,99,38,1,6,5,1,1,21,9,100.0,102.07,3,4,1,15,4,100,30,0,26,1
0.05,4,5,1,30,28,18,1,123,8,3,5,2,0,0,20,10,0.1,1.55,4,5,1,20,3,133,18,0,33,1
0.31,3,3,0,6,5,10,1,66,5,4,6,2,1,1,9,7,1.0,1.91,3,3,0,10,1,68,7,0,22,1
0.26,3,4,1,31,30,14,5,95,34,0,6,6,1,1,8,7,1.0,3.26,3,3,0,13,3,88,22,0,35,1
0.19,3,4,1,31,30,16,7,104,43,0,6,6,1,1,9,7,8.8,17.39,3,4,1,17,7,113,51,0,27,1
0.2,3,5,2,31,28,22,12,152,88,0,6,6,1,1,29,12,100.0,100.2,3,5,2,22,12,152,88,1,45,1
0.0,3,4,1,30,29,18,9,121,60,0,6,6,1,1,10,9,20.0,66.39,3,4,1,18,8,118,51,0,27,1
2.24,3,4,1,31,26,17,7,116,51,0,6,6,1,1,4,4,1.0,3.24,3,4,1,18,8,119,55,0,38,1
0.68,3,4,1,26,25,14,2,94,12,2,6,4,1,1,16,11,1.0,1.68,3,4,1,14,2,95,13,0,47,1
0.0,3,4,1,31,30,14,5,94,33,0,6,6,1,1,6,4,16.15,18.22,3,4,1,14,5,92,31,0,55,1
0.01,3,4,1,29,14,17,6,111,36,0,6,6,1,1,52,14,10.0,10.2,3,3,0,13,2,89,14,0,36,1
0.95,3,5,2,28,27,21,11,142,80,0,6,6,1,1,14,10,0.01,0.96,3,5,2,21,11,142,80,1,26,1
0.0,3,4,1,31,30,16,6,108,45,0,6,6,1,1,6,5,0.16,1.0,3,4,1,16,6,108,45,0,28,1
0.46,3,5,2,30,29,20,11,137,76,0,6,6,1,1,236,41,1.39,109.42,4,5,1,21,7,140,48,1,38,1
0.04,3,4,1,23,17,15,5,102,36,0,5,5,0,0,10,7,5.0,10.54,3,4,1,15,4,102,31,0,28,1
0.02,3,5,2,22,20,21,11,143,81,0,6,6,1,1,12,9,4.9,4.92,3,5,2,20,10,138,76,1,20,1
0.0,5,5,0,14,1,20,0,135,1,2,3,1,0,0,16,8,300.0,1000.0,5,5,0,20,0,135,1,1,31,1
0.0,4,5,1,27,5,21,4,143,30,0,4,4,0,0,9,7,10.0,61.0,4,4,0,17,0,114,1,0,66,1
0.0,3,3,0,17,16,12,3,77,16,0,6,6,1,1,67,20,4.8,100.28,3,3,0,11,2,73,12,0,31,1
1507.14,3,5,2,30,29,22,13,148,87,0,6,6,1,1,10,9,0.01,13036.29,3,5,2,21,12,141,80,1,36,1
0.44,5,5,0,24,1,21,0,145,1,5,6,1,1,1,8,4,2.0,2.45,5,5,0,21,0,145,1,0,18,1
0.01,3,5,2,29,28,22,13,147,86,0,6,6,1,1,7,6,0.01,0.61,3,5,2,22,12,146,80,0,19,1
0.0,3,5,2,31,30,22,13,152,91,0,6,6,1,1,8,4,0.01,0.33,3,5,2,22,13,152,91,0,23,1
0.0,4,5,1,29,22,19,2,128,17,0,3,3,0,0,5,4,1.0,1.0,3,5,2,22,10,152,75,0,26,1
0.0,5,5,0,21,12,21,2,142,12,2,5,3,0,0,4,4,5.0,5.0,5,5,0,21,2,141,12,0,53,1
2.06,4,4,0,8,2,15,0,99,2,0,2,2,0,0,7,5,1.0,3.06,4,4,0,15,0,99,2,0,43,1
0.31,3,5,2,31,29,22,9,152,69,0,6,6,1,1,12,6,100.0,9900.31,3,5,2,22,9,152,69,0,31,1
0.82,3,4,1,31,30,15,6,103,42,0,6,6,1,1,6,5,10.0,10.82,3,4,1,16,7,104,43,0,43,1
0.01,3,3,0,24,8,13,1,84,8,0,1,1,0,0,4,4,0.1,5.01,3,3,0,13,1,88,12,0,36,1
0.0,4,4,0,17,0,16,0,108,0,4,4,0,0,0,16,8,2.0,5.1,4,4,0,16,0,108,0,0,25,1
19.59,3,3,0,7,6,10,1,67,6,0,6,6,1,1,39,11,300.0,2019.59,3,3,0,10,1,67,6,0,32,1
0.59,3,3,0,14,13,11,2,74,13,2,6,4,1,1,14,8,0.01,460.91,3,3,0,11,2,73,12,0,35,1
0.03,3,5,2,31,30,22,13,151,90,0,6,6,1,1,6,4,1.57,2.01,3,5,2,22,13,151,90,0,19,1
4.42,3,5,2,31,30,22,13,152,91,0,6,6,1,1,5,3,30.0,56.31,3,5,2,22,13,152,91,0,40,1
0.01,3,3,0,24,17,13,3,84,17,1,5,4,0,0,11,9,0.9,1.41,3,3,0,13,2,84,12,0,32,1
0.0,3,3,0,22,9,12,1,82,9,0,6,6,1,1,155,31,3.0,100.0,3,3,0,12,1,82,9,0,23,1
0.0,3,3,0,14,2,11,0,74,2,3,5,2,0,0,29,15,0.01,0.05,3,3,0,12,1,77,5,0,22,1
0.2,3,3,0,9,4,11,1,69,4,0,6,6,1,1,34,12,50.0,50.2,3,3,0,11,1,69,4,0,35,1
0.23,4,5,1,30,29,21,7,142,46,0,6,6,1,1,54,21,200.0,5168.23,4,5,1,21,7,142,46,0,45,1
0.01,3,4,1,29,28,17,8,114,53,0,6,6,1,1,4,4,0.92,2.03,3,4,1,17,8,113,52,0,18,1
516.44,3,5,2,23,21,21,10,144,74,0,6,6,1,1,10,9,9439.36,15236.44,3,5,2,19,7,125,49,0,61,1
0.0,4,4,0,12,1,15,0,103,1,5,6,1,1,1,9,6,0.9,1.58,4,4,0,16,1,106,4,0,25,1
0.12,3,5,2,31,30,22,13,149,88,0,6,6,1,1,7,3,0.01,1.05,3,5,2,22,13,147,86,0,31,1
6.24,3,5,2,28,26,21,11,141,73,0,6,6,1,1,7,6,126.0,1843.97,3,5,2,21,11,141,74,0,51,1
0.0,3,5,2,24,19,19,6,127,43,1,2,1,0,0,12,8,0.1,0.1,3,5,2,19,7,127,47,0,30,1
0.26,3,5,2,31,30,22,13,152,91,0,6,6,1,1,14,3,1.0,1.68,3,5,2,22,12,152,86,0,20,1
2.28,3,3,0,21,14,12,2,81,14,4,5,1,0,0,8,5,2.0,69.28,3,3,0,12,2,81,14,0,52,1
0.07,3,3,0,25,12,13,2,85,12,0,4,4,0,0,4,5,1.0,87.07,3,3,0,13,3,86,19,0,29,1
0.23,4,4,0,19,7,16,1,110,7,1,6,5,1,1,34,14,8.0,8.23,3,4,1,18,5,120,35,0,59,1
0.44,5,5,0,20,1,21,0,141,1,1,2,1,0,0,8,8,0.1,10.54,5,5,0,21,1,141,8,0,29,1
0.0,3,3,0,8,2,10,0,68,2,4,6,2,1,1,8,6,0.1,0.1,3,3,0,10,0,68,2,0,26,1
2322.14,3,4,1,31,27,14,4,95,30,1,6,5,1,1,42,12,150.0,3022.14,3,4,1,17,5,112,36,0,36,1
0.03,3,5,2,31,30,22,13,152,91,0,6,6,1,1,4,3,5.07,10.09,3,5,2,22,13,152,91,0,32,1
0.11,3,3,0,11,1,11,0,71,1,1,2,1,0,0,14,10,170.0,176.61,3,3,0,11,0,71,1,0,31,1
0.0,3,5,2,30,29,21,12,139,78,0,6,6,1,1,32,20,0.01,31.66,3,5,2,20,11,137,76,0,28,1
0.04,5,5,0,31,6,22,0,152,6,0,6,6,1,1,5,5,13.0,18.88,5,5,0,22,0,151,5,0,52,1
0.18,3,5,2,31,30,22,12,148,81,0,6,6,1,1,8,8,2.59,9.78,3,5,2,20,10,138,71,0,31,1
0.76,4,4,0,18,0,16,0,109,0,5,5,0,0,0,48,14,5.0,26.76,4,4,0,16,0,109,0,0,37,1
0.0,3,5,2,31,30,21,8,140,53,0,6,6,1,1,25,10,0.01,394.45,3,4,1,17,4,113,26,1,22,1
0.0,3,4,1,29,27,16,6,106,44,0,6,6,1,1,16,8,0.01,0.4,3,4,1,16,6,106,44,0,25,1
0.0,5,5,0,23,12,21,1,144,12,0,6,6,1,1,31,10,10.0,10.0,5,5,0,21,1,144,12,0,40,1
0.25,4,4,0,10,7,15,1,101,7,4,6,2,1,1,8,6,2.0,2.25,4,4,0,14,0,96,2,0,22,1
0.29,3,5,2,29,27,19,9,126,59,0,6,6,1,1,6,5,1.0,1.69,3,5,2,20,10,133,66,0,29,1
46.0,3,4,1,27,26,14,1,92,5,2,4,2,0,0,21,12,10.0,83.0,3,4,1,14,1,92,5,0,43,1
6.62,3,4,1,31,30,15,6,100,39,0,6,6,1,1,9,8,3.0,106.62,3,4,1,16,6,104,42,0,42,1
0.07,4,5,1,30,24,20,4,136,32,0,6,6,1,1,14,13,0.01,0.6,4,5,1,20,5,138,38,0,47,1
0.48,3,5,2,31,30,22,11,152,83,0,6,6,1,1,6,4,0.83,29.03,3,5,2,22,11,151,81,0,42,1
0.86,3,5,2,23,18,19,7,127,51,0,3,3,0,0,19,10,2.98,7.86,3,5,2,19,7,127,45,0,25,1
0.0,3,5,2,31,30,19,9,125,59,0,6,6,1,1,196,25,0.1,1.0,3,4,1,14,4,92,26,0,27,1
0.0,3,4,1,31,30,14,5,94,33,0,6,6,1,1,90,19,0.01,68.77,3,4,1,14,5,94,33,0,28,1
2.09,3,4,1,24,23,17,8,115,54,1,6,5,1,1,8,6,0.1,5.09,3,4,1,17,8,115,54,0,16,1
0.0,3,3,0,20,19,12,3,80,19,0,6,6,1,1,15,13,0.01,0.3,3,3,0,12,2,80,18,0,36,1
10.0,3,5,2,31,30,20,11,137,76,0,6,6,1,1,72,21,100.0,310.0,3,5,2,20,11,137,76,0,20,1
0.0,5,5,0,16,6,20,1,137,6,0,6,6,1,1,26,9,0.1,1.44,5,5,0,20,1,137,6,0,32,1
0.02,3,5,2,30,23,22,12,150,83,0,6,6,1,1,9,6,0.01,5.46,3,5,2,21,11,145,78,1,24,1
0.0,5,5,0,5,3,19,1,126,3,1,5,4,0,0,20,10,1.0,10.0,5,5,0,19,1,130,7,0,36,1
0.0,5,5,0,11,1,20,1,132,1,0,6,6,1,1,30,14,30.0,30.0,5,5,0,20,1,132,1,0,26,1
0.0,3,4,1,28,18,17,6,113,42,0,6,6,1,1,10,8,3.9,4.73,3,4,1,17,6,112,41,0,33,1
1.9,3,5,2,31,29,21,8,144,57,0,6,6,1,1,12,8,4.9,4.9,3,5,2,21,8,139,55,0,30,1
1.37,3,3,0,26,20,13,3,86,20,0,6,6,1,1,6,5,1.0,2.37,3,3,0,13,3,87,21,0,23,1
0.33,3,5,2,31,30,21,11,143,76,0,6,6,1,1,10,7,0.01,2.34,3,5,2,21,11,141,76,0,27,1
10.47,3,4,1,31,30,17,7,117,55,0,6,6,1,1,90,21,0.01,330.47,3,4,1,18,8,121,59,0,28,1
0.02,3,5,2,27,26,21,8,140,57,0,6,6,1,1,71,22,0.01,1.07,3,5,2,20,7,136,53,0,22,1
1.83,5,5,0,23,2,21,0,144,2,3,5,2,0,0,49,18,5.0,5.33,5,5,0,21,1,144,8,0,28,1
0.0,3,5,2,27,26,22,13,148,87,0,6,6,1,1,15,8,1.0,1.0,3,5,2,22,13,148,87,0,36,1
0.19,3,5,2,30,29,22,12,150,83,0,6,6,1,1,5,4,6.68,12.92,3,5,2,20,10,136,74,0,24,1
0.0,4,4,0,2,0,14,0,93,0,3,3,0,0,0,13,9,1.0,1.0,4,4,0,15,1,99,6,0,33,1
0.13,4,5,1,30,29,22,6,149,42,0,6,6,1,1,93,22,0.01,123.1,3,5,2,22,12,151,85,1,29,1
3294.26,3,5,2,30,29,22,12,151,89,0,6,6,1,1,3,3,800.0,7000.26,3,5,2,21,11,145,78,1,25,1
0.0,3,4,1,28,25,17,7,112,48,1,6,5,1,1,43,13,1.0,1.0,3,5,2,18,8,124,60,0,25,1
0.06,5,5,0,16,7,20,1,137,7,1,5,4,0,0,4,4,1.0,1.06,5,5,0,20,0,135,3,0,23,1
3723.57,3,5,2,31,30,22,13,152,91,0,6,6,1,1,8,6,0.01,7723.57,3,5,2,22,13,151,90,0,28,1
249.77,3,5,2,31,30,22,13,151,90,0,6,6,1,1,17,8,0.6,2026.66,3,5,2,22,13,150,89,0,29,1
0.0,3,5,2,31,30,22,13,149,88,0,6,6,1,1,12,7,5.0,536.88,3,5,2,22,12,149,87,0,27,1
0.0,3,5,2,28,27,19,9,131,67,0,6,6,1,1,15,8,0.08,0.09,3,5,2,20,9,135,65,0,17,1
0.75,3,3,0,26,11,13,2,86,11,1,6,5,1,1,8,6,110.0,116.74,3,3,0,13,2,86,11,0,34,1
0.68,3,4,1,29,26,17,7,114,49,0,6,6,1,1,21,14,1.0,5.68,3,4,1,17,7,114,49,0,30,1
0.03,3,4,1,29,28,17,8,112,51,0,6,6,1,1,34,18,1.0,1.03,3,4,1,17,8,112,51,0,35,1
9.82,3,5,2,25,20,19,9,126,61,1,6,5,1,1,7,7,87.4,508.69,3,3,0,13,3,85,19,0,41,1
0.0,5,5,0,28,0,22,0,149,0,3,3,0,0,0,22,9,5.0,5.0,5,5,0,22,0,149,0,0,38,1
0.47,3,5,2,30,29,19,8,125,51,0,6,6,1,1,5,5,1.0,2.56,3,5,2,18,7,123,49,0,25,1
0.87,3,3,0,17,16,12,3,77,16,0,6,6,1,1,11,9,0.45,1.87,3,3,0,11,2,74,13,0,32,1
216.35,5,5,0,31,20,22,2,152,20,0,6,6,1,1,47,19,1000.0,1233.23,5,5,0,22,3,152,21,0,44,1
0.03,3,5,2,31,30,22,13,150,89,0,6,6,1,1,7,3,1.0,2.93,3,5,2,22,12,150,88,0,31,1
1007.8,3,5,2,31,30,22,12,151,89,0,6,6,1,1,9,9,16.4,1820.94,3,5,2,22,12,147,79,1,33,1
0.55,3,3,0,25,22,13,3,85,22,0,6,6,1,1,74,23,1.0,68.03,3,3,0,13,3,85,22,0,21,1
0.12,3,3,0,23,2,13,1,83,2,0,5,5,0,0,4,4,1.0,1.12,3,3,0,13,1,86,5,0,25,1
7.5,3,5,2,30,29,22,11,151,80,0,6,6,1,1,3,2,29.89,90.14,3,5,2,22,11,151,79,0,44,1
1186.69,3,3,0,31,29,14,4,91,29,0,6,6,1,1,6,4,2000.0,17901.69,3,3,0,13,2,87,17,0,32,1
0.0,4,4,0,7,2,15,1,98,2,1,6,5,1,1,24,12,15.0,15.0,4,4,0,15,1,98,2,0,27,1
3.07,4,5,1,21,19,21,7,142,49,0,5,5,0,0,4,4,0.07,0.07,4,5,1,19,5,130,38,0,42,1
1.0,4,4,0,27,2,18,1,118,2,0,5,5,0,0,20,9,5.0,8.32,4,4,0,18,1,118,2,0,29,1
0.0,3,5,2,31,30,22,12,152,89,0,6,6,1,1,50,14,4.91,5.25,3,5,2,22,11,151,81,0,23,1
0.32,3,3,0,6,1,10,0,66,1,3,4,1,0,0,15,10,2.0,2.32,3,3,0,10,0,66,3,1,30,1
31.13,4,4,0,23,18,17,3,114,18,0,6,6,1,1,3,2,1000.0,5031.13,4,4,0,17,3,114,19,0,33,1
0.99,3,5,2,31,30,22,13,151,90,0,6,6,1,1,19,11,60.0,777.53,3,5,2,22,12,151,89,1,32,1
199.18,3,5,2,31,29,22,12,152,89,1,6,5,1,1,19,9,1000.0,3816.68,3,5,2,21,11,145,83,0,35,1
0.0,3,5,2,31,30,19,8,127,56,0,6,6,1,1,32,16,0.1,0.1,3,5,2,19,8,130,59,0,19,1
0.0,3,3,0,20,16,12,2,80,16,0,6,6,1,1,45,16,0.1,0.4,3,3,0,12,2,82,18,0,22,1
9.01,5,5,0,31,5,22,0,152,5,1,6,5,1,1,125,21,1.0,12.01,5,5,0,22,0,152,5,0,37,1
0.07,3,4,1,31,30,18,8,121,56,0,6,6,1,1,567,62,0.9,1.07,3,4,1,18,8,121,56,0,30,1
0.0,3,5,2,26,25,20,11,133,72,0,6,6,1,1,8,5,0.4,16.0,3,5,2,21,12,140,79,0,35,1
0.19,3,3,0,14,10,11,1,74,10,1,5,4,0,0,9,6,14.0,20.69,3,3,0,11,1,71,7,0,37,1
0.0,5,5,0,21,1,21,0,142,1,2,3,1,0,0,27,9,2.0,2.0,5,5,0,21,0,142,1,0,38,1
0.3,4,4,0,16,0,16,0,107,0,3,3,0,0,0,7,4,6800.0,7200.66,4,4,0,16,0,107,0,0,21,1
0.0,3,5,2,28,26,21,10,142,72,0,6,6,1,1,15,10,0.4,0.4,3,5,2,21,10,142,72,0,22,1
0.0,4,5,1,30,29,22,7,147,45,0,6,6,1,1,569,65,1.0,1.0,4,5,1,22,7,147,46,0,33,1
4.04,3,3,0,14,1,11,0,74,1,4,5,1,0,0,30,12,1.0,2.04,3,3,0,11,0,73,0,0,28,1
0.44,3,5,2,31,30,22,13,152,91,0,6,6,1,1,5,4,6.2,16.8,3,5,2,22,13,152,91,0,27,1
0.0,3,4,1,27,26,17,8,113,52,0,6,6,1,1,16,8,5.0,5.28,3,4,1,17,8,113,52,0,28,1
0.09,3,4,1,25,22,15,5,101,35,0,6,6,1,1,6,5,0.1,0.84,3,4,1,15,5,101,35,0,26,1
0.01,3,5,2,28,27,22,13,148,87,0,6,6,1,1,13,11,1.0,1.86,3,5,2,22,13,148,87,0,21,1
0.34,3,5,2,30,29,21,12,145,84,0,6,6,1,1,5,5,14.9,15.91,3,5,2,21,12,145,84,0,23,1
0.12,3,4,1,21,19,16,6,109,42,0,5,5,0,0,34,13,2.66,2.92,3,4,1,16,6,110,43,0,30,1
0.36,5,5,0,9,0,19,0,130,0,5,5,0,0,0,40,16,15.49,15.49,5,5,0,19,0,130,1,0,23,1
0.0,3,3,0,25,10,13,2,85,10,2,6,4,1,1,5,5,1.0,1.0,3,3,0,13,2,85,10,0,21,1
1.64,4,4,0,23,2,17,0,114,2,1,3,2,0,0,4,3,14.0,21.64,4,4,0,17,0,116,4,0,32,1
0.28,3,3,0,21,8,12,1,81,8,0,6,6,1,1,6,4,846.15,850.78,3,3,0,12,1,76,4,0,29,1
0.45,3,5,2,30,27,22,12,150,82,0,6,6,1,1,270,38,0.01,3.86,3,5,2,22,11,150,80,0,26,1
0.53,3,5,2,20,17,19,7,126,49,0,6,6,1,1,6,5,5.6,14.19,4,5,1,19,3,126,16,0,51,1
0.0,5,5,0,15,2,20,0,136,2,2,4,2,0,0,59,12,0.01,100.0,5,5,0,20,0,136,0,0,48,1
11.0,3,3,0,9,7,11,1,69,7,0,6,6,1,1,11,7,10.0,21.0,3,3,0,11,1,69,7,1,46,1
0.0,3,3,0,18,5,12,1,78,5,2,4,2,0,0,7,5,20.0,20.0,3,3,0,11,0,73,0,0,31,1
0.0,4,5,1,30,28,18,1,123,10,2,6,4,1,1,28,15,1.0,10.0,4,5,1,18,1,122,9,0,55,1
3.0,4,4,0,5,0,14,0,96,0,6,6,0,1,0,29,12,5.0,8.0,4,4,0,14,0,96,0,0,30,1
4.31,4,5,1,30,29,22,7,151,53,0,6,6,1,1,59,23,500.0,500.0,4,5,1,22,7,151,54,0,32,1
0.24,4,4,0,25,11,17,1,116,11,1,5,4,0,0,22,10,1.0,10.24,4,4,0,17,1,116,11,0,21,1
0.0,3,5,2,30,29,21,12,139,78,0,6,6,1,1,7,6,2.0,6.9,3,5,2,22,9,152,64,0,47,1
0.39,3,3,0,19,11,12,2,79,11,0,6,6,1,1,5,5,4.0,100.67,3,4,1,15,5,97,29,0,42,1
0.0,3,4,1,29,26,15,5,101,38,0,6,6,1,1,26,14,0.01,0.42,3,4,1,16,6,104,41,0,25,1
1.0,5,5,0,25,12,22,2,146,12,0,6,6,1,1,5,5,500.0,501.0,5,5,0,22,2,146,12,0,30,1
0.01,3,4,1,20,5,17,6,111,36,0,6,6,1,1,10,7,1.0,1.0,3,3,0,12,1,76,1,0,25,1
0.03,3,3,0,31,28,14,4,91,28,0,6,6,1,1,5,4,0.01,0.04,3,4,1,17,4,112,24,0,34,1
0.0,3,5,2,31,30,22,13,148,87,0,6,6,1,1,19,10,5.6,68.26,3,5,2,21,11,145,80,1,29,1
0.45,3,4,1,10,8,15,5,101,36,1,6,5,1,1,10,9,0.01,4.64,3,4,1,16,6,108,43,0,26,1
0.02,5,5,0,28,27,22,4,149,27,3,4,1,0,0,5,5,0.01,0.04,5,5,0,21,0,142,0,0,20,1
191.71,3,3,0,22,17,12,2,82,17,0,6,6,1,1,2,3,500.0,500.89,3,3,0,12,2,81,16,1,32,1
0.91,4,4,0,15,0,16,0,106,0,2,2,0,0,0,15,7,3.0,3.27,4,4,0,16,0,106,0,0,25,1
9.0,5,5,0,17,2,20,0,138,2,4,6,2,1,1,8,6,10.0,10.0,5,5,0,20,0,138,2,1,45,1
0.0,3,5,2,31,29,22,12,152,90,0,6,6,1,1,12,7,2.0,5.0,3,5,2,22,12,147,85,1,59,1
0.27,3,5,2,31,30,22,12,152,88,0,6,6,1,1,73,18,20.0,23.64,3,5,2,22,13,152,91,0,28,1
0.87,3,4,1,10,1,15,4,100,30,1,3,2,0,0,6,5,539.49,539.87,3,4,1,15,4,100,30,0,29,1
0.01,3,3,0,24,14,13,2,84,14,0,1,1,0,0,9,6,0.05,0.07,3,3,0,13,0,84,1,0,26,1
0.0,3,3,0,19,18,12,3,79,18,0,6,6,1,1,11,10,0.9,1.0,3,3,0,12,3,80,19,0,28,1
0.0,3,5,2,22,17,20,10,136,71,1,6,5,1,1,13,9,1.25,5.0,5,5,0,20,1,136,5,0,22,1
5.02,5,5,0,26,0,22,0,147,0,1,1,0,0,0,18,10,1.0,6.02,5,5,0,22,0,147,0,0,32,1
0.5,3,5,2,31,30,22,13,152,91,0,6,6,1,1,8,5,0.1,2.23,3,5,2,22,13,152,91,0,42,1
0.0,3,5,2,31,29,18,7,123,53,1,6,5,1,1,8,6,0.01,5.0,3,5,2,18,7,124,54,0,29,1
0.25,3,4,1,18,16,16,5,109,39,1,6,5,1,1,16,8,0.89,2.38,3,4,1,17,6,111,41,0,25,1
2.59,3,5,2,31,30,22,10,152,75,0,6,6,1,1,11,5,1.0,96.07,3,5,2,22,11,146,77,0,29,1
1.33,3,4,1,24,11,17,6,115,42,0,4,4,0,0,17,11,301.0,1316.33,4,4,0,17,0,115,0,0,26,1
0.0,3,4,1,30,27,18,8,121,58,1,6,5,1,1,14,10,1.0,1.0,3,4,1,18,8,121,58,0,27,1
0.83,5,5,0,3,0,18,0,124,0,6,6,0,1,0,5,5,6900.0,17801.83,5,5,0,18,0,124,0,0,37,1
7.0,4,4,0,28,0,18,0,119,0,1,1,0,0,0,5,4,5.0,10.0,4,4,0,18,0,119,0,0,30,1
10.05,4,5,1,29,27,18,0,123,5,0,5,5,0,0,7,5,2.0,2.05,4,4,0,18,0,120,2,0,35,1
2642.48,3,5,2,30,29,22,9,151,68,0,6,6,1,1,2,2,14.9,2792.48,3,5,2,22,9,152,69,1,48,1
0.0,3,4,1,30,28,18,8,121,59,0,6,6,1,1,5,5,0.3,0.37,3,4,1,17,7,113,51,0,24,1
20.0,5,5,0,12,8,20,1,133,8,0,6,6,1,1,12,8,1.0,36.0,5,5,0,20,1,133,8,0,22,1
0.12,3,5,2,31,30,22,13,152,91,0,6,6,1,1,11,5,1.0,1.62,3,5,2,22,13,152,91,0,33,1
0.07,3,5,2,24,23,19,7,131,55,0,6,6,1,1,6,5,1.0,1.07,3,5,2,20,8,136,60,0,19,1
0.0,3,5,2,31,30,22,13,152,91,0,6,6,1,1,33,13,0.1,1.67,3,5,2,22,12,152,90,0,18,1
0.0,4,4,0,12,9,15,1,103,9,0,6,6,1,1,203,30,10.0,80.58,3,4,1,15,2,103,19,0,31,1
0.29,3,3,0,28,19,13,2,88,19,0,6,6,1,1,11,8,10.0,10.72,3,3,0,13,2,89,20,1,28,1
0.36,3,5,2,21,20,21,12,142,81,0,6,6,1,1,9,7,2400.0,2496.36,3,3,0,10,1,67,6,1,32,1
3.9,3,5,2,16,13,18,7,124,53,0,6,6,1,1,6,5,10.0,33.9,5,5,0,18,0,124,0,0,27,1
0.66,3,3,0,24,0,13,0,84,0,1,1,0,0,0,15,10,1.0,1.66,3,3,0,13,0,86,2,0,29,1
2.0,3,5,2,31,30,22,13,152,91,0,6,6,1,1,24,11,0.5,68.37,3,5,2,22,13,152,91,0,26,1
0.0,3,4,1,5,4,14,5,96,35,3,6,3,1,1,21,9,5.0,5.0,3,4,1,14,5,93,32,0,34,1
18.53,3,3,0,31,18,14,3,91,18,1,4,3,0,0,3,3,19000.0,19046.53,3,3,0,14,3,91,18,0,56,1
0.21,3,5,2,31,29,22,12,148,86,0,6,6,1,1,6,5,1.0,1.95,3,5,2,22,12,148,86,0,32,1
589.02,3,5,2,31,30,22,13,152,91,0,6,6,1,1,23,15,0.02,10289.02,3,5,2,22,12,151,84,1,51,1
5.96,3,5,2,26,20,21,10,145,70,1,6,5,1,1,4,3,500.0,1432.31,3,5,2,21,10,145,70,1,29,1
3021.08,3,4,1,31,24,16,3,106,23,0,5,5,0,0,11,8,0.08,36086.08,3,4,1,16,4,106,24,0,30,1
1.58,3,3,0,31,25,14,4,91,25,0,6,6,1,1,5,5,25.0,26.75,3,3,0,13,2,89,15,0,22,1
0.53,3,5,2,31,30,22,12,148,86,0,6,6,1,1,15,10,5.0,5.73,3,5,2,22,12,149,87,1,29,1
11.14,3,3,0,31,30,14,5,91,30,0,6,6,1,1,7,6,2532.4,3781.03,3,4,1,15,6,102,41,0,24,1
0.61,4,5,1,30,23,21,6,143,45,1,4,3,0,0,3,3,2.9,3.81,4,5,1,21,6,143,45,0,21,1
0.3,3,5,2,31,29,22,12,152,90,0,6,6,1,1,32,18,0.06,4.5,3,5,2,22,12,152,90,0,30,1
1.4,3,4,1,13,12,15,6,98,37,1,6,5,1,1,22,12,19.29,301.4,3,4,1,15,5,98,31,0,22,1
0.0,5,5,0,21,14,21,2,142,14,2,4,2,0,0,22,8,0.1,5.0,5,5,0,21,2,142,14,0,22,1
0.08,3,3,0,28,12,13,1,88,12,0,5,5,0,0,5,4,1.0,10.57,3,3,0,12,0,79,3,0,26,1
0.37,3,3,0,8,7,10,1,68,7,0,6,6,1,1,8,6,8.0,11.59,3,3,0,10,0,68,6,0,40,1
0.01,3,3,0,10,7,11,1,70,7,0,5,5,0,0,15,9,2.78,2.79,3,3,0,11,1,70,7,0,22,1
65.13,3,5,2,31,29,22,12,152,90,0,6,6,1,1,10,5,281.0,625.13,3,5,2,22,13,152,91,0,27,1
0.0,3,3,0,31,26,14,4,91,26,0,6,6,1,1,6,6,4.0,16.0,3,3,0,13,3,88,23,0,24,1
0.0,3,5,2,31,30,22,13,151,90,0,6,6,1,1,11,7,0.77,83.0,3,5,2,22,13,151,90,0,48,1
0.23,3,4,1,31,30,17,8,115,54,0,6,6,1,1,14,11,2.0,14.13,3,4,1,17,6,115,46,0,33,1
0.02,3,3,0,2,1,10,1,62,1,0,6,6,1,1,11,6,1.0,1.02,3,3,0,10,1,62,1,0,28,1
92.47,3,5,2,31,27,22,11,151,77,0,6,6,1,1,9,8,1.0,593.47,3,5,2,22,9,152,64,1,47,1
0.0,3,5,2,31,30,22,12,151,89,0,6,6,1,1,11,7,120.0,120.0,3,5,2,22,13,149,88,0,31,1
0.33,3,4,1,31,30,18,8,121,53,1,6,5,1,1,8,7,2.0,2.36,3,5,2,19,9,129,61,1,34,1
0.02,3,5,2,30,29,22,13,151,90,0,6,6,1,1,28,10,0.01,1.25,3,5,2,22,13,152,91,0,23,1
3.43,3,5,2,31,30,21,12,143,82,0,6,6,1,1,9,7,3.0,8.43,3,5,2,21,12,143,82,0,41,1
0.62,3,5,2,31,29,22,12,149,83,0,6,6,1,1,4,3,10.0,10.62,3,5,2,22,12,149,83,0,37,1
0.14,3,4,1,28,15,18,5,119,34,0,4,4,0,0,5,5,109.28,109.42,3,4,1,18,5,119,34,0,25,1
0.0,3,5,2,31,30,19,8,127,55,0,6,6,1,1,35,13,0.1,0.1,3,5,2,19,8,127,55,0,20,1
2.13,3,5,2,31,30,22,13,152,91,0,6,6,1,1,26,14,1.97,109.97,3,5,2,22,13,152,91,0,24,1
0.0,3,5,2,30,29,20,10,138,76,0,6,6,1,1,25,13,10.0,11.0,3,5,2,21,11,141,79,0,25,1
0.03,3,5,2,30,29,19,9,127,65,0,6,6,1,1,9,6,0.01,0.4,3,5,2,19,9,127,64,0,18,1
0.68,3,4,1,26,23,17,6,117,46,1,6,5,1,1,22,9,2.0,11.08,3,5,2,19,8,131,60,0,34,1
0.0,3,3,0,28,1,13,0,88,1,4,5,1,0,0,34,14,3.0,3.0,3,3,0,13,0,87,0,0,40,1
0.32,3,3,0,16,15,12,3,76,15,0,6,6,1,1,57,17,0.02,3.32,3,3,0,10,1,62,1,0,39,1
1.57,4,5,1,29,22,19,1,128,8,2,3,1,0,0,13,7,3.0,102.67,4,5,1,19,1,128,8,0,35,1
3.66,3,3,0,12,9,11,1,72,9,1,3,2,0,0,11,8,5.0,1873.66,3,3,0,11,0,75,3,0,33,1
0.25,3,5,2,31,30,22,12,152,90,0,6,6,1,1,12,8,2.0,6.28,3,5,2,22,13,152,91,1,23,1
0.07,3,4,1,22,19,14,2,94,12,4,6,2,1,1,15,7,0.9,0.9,3,3,0,12,0,82,0,0,23,1
0.13,3,5,2,12,11,19,10,127,66,0,6,6,1,1,6,4,0.2,0.55,3,5,2,19,9,127,62,0,21,1
0.0,3,4,1,31,30,17,8,112,51,0,6,6,1,1,16,9,1.0,1.62,3,4,1,17,8,113,52,0,33,1
0.07,3,5,2,28,27,20,11,133,72,0,6,6,1,1,32,13,0.4,1.47,3,5,2,20,11,132,71,0,23,1
0.95,3,3,0,6,3,10,0,66,3,1,4,3,0,0,375,50,0.1,121.75,3,3,0,10,0,66,3,0,36,1
0.01,3,4,1,29,27,17,7,116,54,0,6,6,1,1,30,14,1.0,2.14,3,4,1,18,9,121,60,0,44,1
0.19,3,5,2,29,26,22,11,147,76,0,6,6,1,1,7,7,24.05,316.46,3,5,2,22,10,147,66,0,33,1
57.38,4,5,1,31,22,22,6,152,46,1,6,5,1,1,6,5,5.0,67.38,4,5,1,22,6,152,46,0,51,1
0.15,3,5,2,31,28,21,11,145,82,0,6,6,1,1,37,12,100.0,101.15,3,5,2,21,11,145,82,1,38,1
2.5,3,5,2,31,30,22,13,152,91,0,6,6,1,1,4,4,59.9,503.71,3,5,2,22,9,146,59,1,20,1
0.86,5,5,0,7,2,19,0,128,2,1,3,2,0,0,7,6,2.0,5.86,5,5,0,21,2,139,13,0,30,1
0.0,3,3,0,26,24,13,3,86,24,0,6,6,1,1,8,7,1.9,1.9,3,3,0,13,3,86,24,0,19,1
0.09,3,5,2,31,29,19,9,129,67,0,6,6,1,1,93,30,18.0,316.09,3,5,2,19,8,129,58,0,55,1
0.28,3,5,2,24,20,21,9,144,65,0,6,6,1,1,6,4,0.01,0.34,4,5,1,22,8,151,57,0,29,1
0.0,3,3,0,20,19,12,3,80,19,1,6,5,1,1,10,8,0.4,0.52,3,3,0,12,3,82,21,0,31,1
0.0,3,5,2,28,27,22,11,146,73,0,6,6,1,1,27,13,0.02,0.02,3,5,2,22,11,147,74,0,25,1
0.03,3,4,1,30,29,18,9,121,60,0,6,6,1,1,14,10,3.0,3.17,3,4,1,18,9,121,60,0,25,1
0.07,3,4,1,31,29,14,4,93,31,0,6,6,1,1,7,6,0.5,0.57,3,4,1,15,5,97,35,0,23,1
2.06,3,3,0,24,23,13,4,84,23,0,6,6,1,1,49,16,32.9,61.0,3,3,0,13,4,89,28,0,30,1
0.2,3,4,1,31,30,14,4,96,29,0,6,6,1,1,4,4,1.0,50.08,3,3,0,14,4,91,24,0,31,1
0.18,3,5,2,26,25,21,12,144,83,0,6,6,1,1,16,11,0.1,0.28,3,5,2,21,11,141,79,0,21,1
0.0,3,4,1,11,10,15,6,97,36,0,6,6,1,1,37,14,4.0,9.49,3,4,1,15,6,102,41,0,26,1
0.1,4,4,0,13,1,16,1,104,1,0,6,6,1,1,11,6,5888.0,5889.4,4,4,0,16,0,104,0,0,19,1
0.19,5,5,0,4,1,19,1,125,1,0,6,6,1,1,51,14,1.0,1.19,5,5,0,19,1,126,3,0,31,1
0.0,5,5,0,27,3,22,1,148,3,0,6,6,1,1,707,55,99.0,100.0,5,5,0,22,1,148,3,0,28,1
0.03,4,5,1,25,21,21,4,143,27,0,6,6,1,1,7,7,2.0,2.21,4,5,1,21,4,143,27,0,24,1
6830.38,3,5,2,23,21,21,11,142,80,0,5,5,0,0,13,8,186.13,21830.38,3,3,0,12,2,80,18,0,45,1
0.09,3,5,2,31,30,22,13,152,91,0,6,6,1,1,13,8,2.0,99.5,3,5,2,22,11,152,83,0,28,1
0.0,3,3,0,24,0,13,0,84,0,1,1,0,0,0,7,7,5.0,5.0,3,4,1,14,1,95,11,0,20,1
62.19,3,5,2,30,28,20,10,132,64,0,6,6,1,1,23,11,1000.0,1187.81,3,5,2,19,9,127,60,1,48,1
5632.4,3,5,2,30,22,21,10,142,73,0,4,4,0,0,10,7,1.75,35272.4,3,5,2,20,10,138,73,0,30,1
0.01,4,4,0,28,9,18,2,119,9,0,6,6,1,1,66,24,2.0,2.01,4,4,0,18,2,119,10,0,39,1
0.31,4,5,1,22,14,21,6,143,44,0,6,6,1,1,4,4,0.9,1.46,4,5,1,21,6,143,44,0,36,1
6.06,3,3,0,20,5,12,1,80,5,4,6,2,1,1,5,5,60.0,115.06,3,3,0,12,0,80,0,0,51,1
0.13,3,5,2,30,27,22,12,151,85,0,6,6,1,1,9,8,0.11,0.44,3,5,2,22,12,150,84,0,32,1
0.1,3,3,0,27,3,13,0,87,3,1,4,3,0,0,5,4,10000.0,22554.1,3,3,0,13,0,86,0,0,21,1
0.8,3,3,0,29,1,13,0,89,1,5,6,1,1,1,9,4,5.0,5.11,3,3,0,13,0,89,3,0,52,1
0.45,4,4,0,24,3,17,0,115,3,1,4,3,0,0,4,4,100.0,100.45,4,4,0,17,1,115,5,1,50,1
0.0,3,4,1,31,29,15,2,101,18,0,5,5,0,0,8,7,2.0,2.27,3,4,1,15,3,101,23,0,39,1
0.58,3,4,1,31,30,16,6,106,43,0,6,6,1,1,15,8,1.0,10.48,3,4,1,16,6,106,43,0,35,1
0.54,3,5,2,31,29,19,7,131,52,0,6,6,1,1,44,18,4.9,5.54,3,5,2,19,7,131,52,0,32,1
0.09,3,3,0,18,17,12,3,78,17,1,6,5,1,1,10,6,1300.0,1980.02,3,3,0,11,2,75,14,0,30,1
0.14,3,5,2,31,30,20,11,133,72,0,6,6,1,1,86,23,700.0,1440.12,3,4,1,15,6,97,36,0,39,1
0.01,3,5,2,31,30,22,12,152,85,0,6,6,1,1,56,27,0.98,1.67,3,5,2,22,12,150,83,0,32,1
0.03,3,4,1,29,28,18,9,120,59,0,6,6,1,1,11,8,50.0,50.28,3,4,1,18,8,120,52,0,25,1
0.0,3,5,2,29,28,18,9,124,63,0,6,6,1,1,10,8,30.0,31.13,3,4,1,18,9,120,59,0,37,1
0.0,5,5,0,6,5,19,1,127,5,0,6,6,1,1,1222,87,10.0,406.0,5,5,0,19,1,127,5,0,29,1
1.89,3,4,1,27,21,16,3,105,18,0,4,4,0,0,17,7,1.0,3.79,3,4,1,16,3,105,18,0,31,1
0.34,3,5,2,31,30,20,10,132,70,0,6,6,1,1,11,9,0.9,4.14,3,5,2,20,10,132,70,0,30,1
0.0,3,4,1,29,28,15,4,97,23,0,6,6,1,1,12,7,0.01,51.2,3,4,1,14,3,94,20,0,23,1
0.54,3,3,0,25,21,13,3,85,21,1,2,1,0,0,6,4,4888.0,7603.54,3,3,0,13,0,85,0,0,23,1
0.6,3,3,0,17,15,12,2,77,15,0,6,6,1,1,33,13,1.0,161.78,3,3,0,12,2,77,15,0,29,1
0.02,3,5,2,30,28,21,11,141,76,0,6,6,1,1,16,12,0.01,0.4,3,5,2,20,11,135,74,0,45,1
0.0,3,5,2,29,28,21,11,141,79,0,6,6,1,1,9,7,2.0,10.55,3,5,2,21,11,141,75,0,20,1
0.0,3,5,2,29,28,20,8,138,61,0,6,6,1,1,15,11,2.0,2.0,3,5,2,22,10,146,69,0,22,1
0.96,3,3,0,16,0,12,0,76,0,0,0,0,0,0,2,2,3000.0,3000.03,3,3,0,12,0,76,0,0,21,1
0.56,3,5,2,31,30,20,11,133,72,0,6,6,1,1,14,11,0.01,7.34,3,5,2,19,8,125,54,1,38,1
0.16,3,5,2,31,30,19,9,126,63,0,6,6,1,1,24,10,0.9,1.54,3,5,2,19,9,127,64,0,18,1
7.65,4,4,0,19,0,16,0,110,0,6,6,0,1,0,20,10,300.0,1807.65,4,4,0,16,0,110,0,0,40,1
0.0,5,5,0,11,4,20,1,132,4,0,3,3,0,0,12,8,5.0,5.03,5,5,0,19,0,128,0,0,30,1
0.27,3,5,2,31,30,19,10,125,64,0,6,6,1,1,21,13,6436.0,104313.27,3,5,2,18,9,122,61,0,30,1
0.86,3,5,2,30,29,19,10,127,66,0,6,6,1,1,34,13,3.0,4.86,3,5,2,19,10,127,66,0,42,1
0.19,5,5,0,31,1,22,0,152,1,5,6,1,1,1,35,12,15.0,50.19,5,5,0,22,0,152,1,0,23,1
0.0,3,5,2,31,30,21,11,143,81,0,6,6,1,1,12,10,0.35,0.81,3,5,2,21,11,143,81,0,23,1
