24,25,32,33,36,37,66,68,80,90,91,98,99,102,103,y
5,2,22,11,149,78,2,2,365859.88,5,2,22,13,147,86,0
5,2,22,13,151,90,9,6,14.1,5,2,22,13,151,90,0
5,2,22,11,147,75,3,1,19.95,5,2,22,11,147,78,0
5,2,22,12,151,89,5,4,10747.96,5,2,22,11,152,79,0
5,2,21,12,140,79,3,3,9996.93,5,2,21,9,139,57,0
5,2,22,13,152,91,13,10,12.7,5,2,22,12,152,90,0
5,2,22,10,151,75,2,1,358.06,5,2,22,13,152,91,0
5,2,22,11,151,82,3,3,880.03,5,2,22,11,151,81,0
5,2,21,11,143,75,3,3,3093.25,5,2,21,11,140,73,0
5,2,22,12,151,88,4,4,403.52,5,2,22,11,151,76,0
5,2,22,12,148,84,10,8,461.73,5,2,22,12,147,80,0
5,2,22,10,151,71,3,2,1033.0,5,2,22,11,147,72,0
5,2,18,7,123,49,2,2,0.75,4,0,17,3,116,22,0
5,2,22,13,152,91,4,4,2208.61,5,2,20,10,138,75,0
5,2,22,8,152,61,4,4,51.04,5,2,22,8,152,61,0
5,2,22,10,152,71,3,4,36.03,5,2,22,10,150,69,0
5,2,22,13,152,91,6,4,4584.56,5,2,22,11,148,77,0
5,2,21,10,144,69,6,4,19.03,5,2,21,10,143,68,0
5,2,21,11,140,77,4,4,312904.99,5,2,20,11,137,76,0
5,2,22,12,152,90,4,4,3764.56,5,2,21,10,145,75,0
5,2,21,11,144,80,8,5,40.39,5,2,22,11,151,76,0
5,2,22,12,150,87,3,2,220.7,5,2,22,13,152,91,0
5,2,22,13,151,90,4,4,520.48,5,2,22,12,150,87,0
5,2,22,12,152,90,10,10,148.06,5,2,22,12,152,85,0
5,2,22,12,150,87,7,6,1857.56,5,2,22,12,150,87,0
5,2,22,13,148,87,3,2,107.6,5,2,22,12,148,81,0
5,2,22,12,152,90,7,6,375.8,5,2,22,12,150,84,0
5,2,22,13,151,90,5,5,34586.85,5,2,20,9,136,61,0
5,2,22,13,152,91,2,2,666.93,5,2,22,9,152,63,0
5,2,22,13,152,91,18,12,188.83,5,2,22,12,152,88,0
5,2,20,10,137,75,4,4,359.11,5,2,19,8,131,61,0
5,2,22,13,148,87,3,3,171.71,5,2,21,11,139,75,0
5,2,22,13,152,91,5,3,56312.55,5,2,21,11,142,77,0
5,2,22,12,149,81,11,7,21.74,5,2,22,12,149,81,0
5,2,22,12,148,83,5,3,8999.0,5,2,22,11,147,76,0
5,2,22,13,152,91,8,3,11.58,5,2,22,13,152,91,0
5,2,22,13,147,86,6,4,216.61,5,2,21,11,143,81,0
5,2,22,13,151,90,4,4,13777.91,5,2,21,11,145,78,0
5,2,22,13,150,89,11,4,138.36,5,2,22,12,149,87,0
5,2,22,13,147,86,5,4,2083.04,5,2,22,13,151,90,0
5,2,21,11,142,80,6,4,4769.73,5,2,20,10,132,66,0
5,2,20,9,133,59,4,4,15554.81,5,2,20,10,133,70,0
5,2,22,12,152,89,6,6,12.02,5,2,22,12,149,87,0
5,2,21,10,145,76,5,3,2452.47,5,2,21,9,143,61,0
5,2,21,11,143,81,7,4,281.47,5,2,22,12,146,82,0
5,2,20,10,137,69,3,3,2437.13,5,2,20,10,137,70,0
5,2,22,13,152,91,6,3,451.68,5,2,22,12,151,87,0
5,2,22,13,146,85,3,3,3248.26,3,0,13,2,87,16,0
5,2,22,13,152,91,4,4,112.58,5,2,22,12,152,90,0
5,2,21,10,144,75,7,5,20.0,5,2,21,10,144,75,0
5,2,21,11,142,75,6,7,4542.28,5,2,22,12,150,88,0
5,2,22,13,150,89,12,8,4977.88,5,2,22,12,152,85,0
5,2,22,13,150,89,6,3,2073.38,5,2,22,12,152,88,0
5,2,22,13,150,89,7,7,234.59,5,2,22,11,147,76,0
5,2,22,12,152,87,3,3,2424.15,5,2,20,9,136,61,0
5,2,22,12,152,90,3,2,1514.3,5,2,22,12,152,90,0
5,2,22,13,152,91,15,11,1218.05,5,2,22,13,152,91,0
5,2,21,11,141,79,1,1,861.15,4,1,16,6,107,45,0
5,2,22,13,149,88,4,4,376.58,5,2,22,13,152,91,0
5,2,22,12,151,89,9,7,2.44,5,2,22,12,151,89,0
5,1,22,8,150,54,2,3,3127.66,5,1,21,7,145,49,0
5,2,22,13,149,88,6,6,885.53,5,2,21,11,145,83,0
5,2,19,7,130,50,1,1,8045.47,5,2,22,11,146,76,0
5,2,20,10,133,65,4,4,152150.87,5,2,22,11,146,76,0
5,2,22,12,152,90,4,3,9806.32,5,2,22,12,146,84,0
5,2,22,13,152,91,23,10,99.38,5,2,22,13,148,87,0
5,2,22,10,152,76,7,5,60.0,5,2,22,10,148,72,0
5,2,22,12,150,83,4,2,47.73,5,2,22,12,148,81,0
5,2,21,11,145,78,2,2,20163.18,5,2,20,10,136,68,0
5,2,22,13,151,90,2,2,130026.59,4,1,15,4,97,23,0
5,2,22,12,152,90,41,21,6.84,5,2,22,12,150,88,0
5,2,22,13,146,85,7,4,2032.74,5,2,21,10,144,71,0
5,2,21,11,143,76,1,1,7701.35,5,2,20,9,136,61,0
5,2,19,9,127,65,4,2,219.9,5,2,19,9,127,65,0
5,2,22,12,152,90,8,7,152483.51,5,2,22,12,152,90,0
5,2,20,9,136,66,7,4,103.16,5,2,20,9,136,64,0
5,2,22,13,149,88,1,1,6856.65,5,2,20,7,138,54,0
5,2,22,11,150,75,5,5,9163.95,5,2,22,12,150,82,0
5,2,22,12,149,86,5,5,598.38,5,2,22,12,151,88,0
5,2,21,10,141,66,3,3,1129.81,5,2,21,10,141,66,0
5,2,22,12,151,86,2,1,1000.0,5,1,21,4,144,33,0
5,2,22,12,152,88,10,4,4.95,5,2,22,12,152,88,0
5,2,22,13,149,88,10,7,211.17,5,2,19,10,131,70,0
5,2,22,13,146,85,1,1,600.0,5,2,22,13,146,85,0
5,2,22,12,152,88,10,7,20.51,5,2,22,12,152,88,0
5,2,22,10,150,68,2,2,10038.4,5,2,22,10,150,68,0
5,2,19,7,130,52,5,3,659.33,5,2,19,8,129,55,0
5,2,22,13,152,91,4,3,49.92,5,2,20,9,133,60,0
5,2,22,13,152,91,2,2,13524.44,5,2,20,9,136,61,0
5,2,22,12,146,82,6,5,136.71,5,2,22,12,146,82,0
5,2,22,13,152,91,4,3,283.33,5,2,22,12,151,87,0
5,2,22,13,151,90,2,2,5163.48,5,2,22,10,147,68,0
4,1,17,7,112,47,2,2,117.59,4,1,17,5,112,31,0
5,2,21,11,145,81,5,5,1277.76,5,2,21,11,145,77,0
5,2,22,13,150,89,16,9,607.67,5,2,22,11,151,81,0
5,2,20,10,136,73,2,2,2105.63,5,1,22,7,148,50,0
5,2,22,12,151,83,5,5,126.66,5,2,22,12,146,78,0
5,2,22,12,147,85,12,6,0.17,5,2,22,11,147,75,0
5,2,22,12,152,89,5,4,32.25,5,2,20,9,136,61,0
5,2,22,13,152,91,14,10,139.13,5,2,22,12,146,84,0
5,2,22,12,152,85,3,3,9330.56,5,1,21,5,140,34,0
5,2,22,12,151,89,5,5,152.13,5,2,22,12,150,88,0
4,1,18,7,121,51,9,7,7418.83,4,1,18,7,119,49,0
5,2,22,13,147,86,4,3,204.94,5,2,20,9,136,62,0
5,2,22,13,152,91,5,3,29.28,5,2,22,13,148,87,0
5,2,21,11,143,80,6,5,2562.42,5,2,22,11,151,78,0
5,2,22,12,152,84,3,3,641.31,5,2,22,11,152,79,0
5,2,22,12,146,79,5,4,113.47,5,2,21,11,144,76,0
5,2,22,13,150,89,7,5,154329.86,5,2,19,10,129,68,0
5,2,21,10,144,69,4,4,1062.44,5,2,21,7,144,53,0
5,2,22,12,151,89,4,3,38852.83,5,2,22,11,151,81,0
5,2,21,11,144,82,3,3,335.98,5,2,21,12,143,82,0
5,2,22,13,150,89,2,1,628.57,5,2,22,13,152,91,0
5,2,22,11,152,82,4,3,300.0,5,2,22,9,151,62,0
5,2,22,11,150,77,5,4,3083.45,5,2,22,10,147,66,0
5,2,22,12,150,85,10,5,549.91,5,2,22,12,150,84,0
5,2,22,12,152,88,17,6,137.44,5,2,22,13,152,91,0
5,2,22,13,146,85,6,6,225.95,5,2,21,11,145,82,0
5,2,22,12,151,89,10,8,25.48,5,2,22,12,151,89,0
5,2,22,13,152,91,9,9,1616.3,5,2,22,11,152,80,0
5,2,22,10,152,71,2,2,10.0,5,2,22,10,150,69,0
5,2,22,12,151,87,6,5,1556.72,5,2,22,12,149,86,0
5,2,21,12,139,78,3,2,1459.13,5,2,22,12,152,90,0
5,2,22,12,147,82,4,4,15008.7,5,2,20,10,136,71,0
5,2,22,13,148,87,3,2,2356.02,5,2,22,13,152,91,0
5,2,21,11,141,75,1,1,1568.4,4,1,17,6,111,41,0
5,2,22,12,151,88,4,4,773.19,5,2,22,13,151,90,0
5,2,22,12,152,90,7,11,0.01,5,2,22,12,152,90,0
5,2,22,13,152,91,7,5,4376.13,5,2,22,12,146,81,0
5,2,22,13,152,91,8,5,966.58,5,2,22,12,151,86,0
5,2,22,13,151,90,6,5,3885.39,5,2,22,12,151,89,0
5,2,22,12,151,89,4,4,3730.38,5,2,22,13,151,90,0
5,2,20,9,136,61,4,3,7320.8,5,2,22,12,147,84,0
5,2,22,13,150,89,9,8,845.41,5,2,21,10,144,73,0
5,2,22,12,149,84,5,5,0.01,5,2,22,12,148,83,0
5,2,22,10,152,74,7,6,117.81,5,2,21,9,145,69,0
5,2,22,12,152,85,3,3,108.36,5,1,22,5,147,31,0
5,2,22,13,150,89,7,4,24.21,5,2,22,13,147,86,0
5,2,22,13,151,90,9,5,15130.18,5,2,22,10,148,69,0
5,2,22,12,152,90,8,7,91.98,5,2,22,12,152,89,0
5,2,22,13,150,89,5,3,70.43,5,2,22,13,148,87,0
5,2,22,13,151,90,9,8,249.23,5,2,22,13,152,91,0
5,2,21,10,140,69,4,4,1545.17,5,2,21,11,140,73,0
5,2,22,12,152,90,6,5,971.83,5,2,22,12,151,84,0
5,2,21,9,141,64,3,3,10025.5,4,0,16,2,110,18,0
5,2,22,11,151,79,6,3,1475.72,5,2,22,12,146,84,0
5,2,22,12,152,90,5,4,143.13,5,2,21,11,140,78,0
5,2,21,10,145,76,8,7,175.67,5,2,22,12,151,83,0
5,2,22,12,152,89,2,2,14632.88,5,2,21,11,139,76,0
5,2,21,11,142,78,5,5,11.8,5,2,21,11,142,75,0
5,2,20,10,138,72,2,2,332.47,5,2,18,9,122,61,0
5,2,22,13,152,91,6,3,8593.72,5,2,21,12,144,83,0
5,2,22,13,150,89,3,2,12.74,5,2,22,12,152,86,0
5,2,22,12,152,90,5,4,2.52,5,2,22,13,152,91,0
5,2,22,13,150,89,6,5,40965.25,5,2,21,11,143,78,0
5,2,22,12,148,86,4,4,209.94,5,2,19,9,128,66,0
5,2,21,12,143,82,1,1,212804.95,5,2,20,9,136,61,0
5,2,22,12,149,87,7,6,22120.06,5,2,22,12,151,89,0
5,2,22,13,152,91,15,5,13.19,5,2,22,12,148,86,0
5,2,21,10,139,69,4,5,162211.7,5,2,18,9,122,61,0
5,2,22,12,152,87,7,6,210.23,5,2,22,11,149,79,0
5,2,22,13,152,91,8,4,1261.39,5,2,22,12,151,85,0
5,2,22,12,147,85,4,4,10000.0,5,2,22,13,152,91,0
5,2,22,12,150,88,6,5,30.81,5,2,22,12,147,85,0
5,2,19,10,125,64,13,13,159.44,5,2,19,10,125,64,0
5,2,19,9,129,61,3,2,2200.0,5,2,19,9,129,61,0
5,2,21,11,142,77,2,1,378.17,5,2,22,13,152,91,0
5,2,22,9,152,66,5,5,117.8,5,2,22,9,150,65,0
5,2,22,12,149,86,10,6,245.22,5,2,22,12,146,83,0
5,1,22,8,152,60,5,5,3008.72,5,2,22,8,152,61,0
5,2,22,12,150,88,6,4,1990.43,5,2,22,12,152,90,0
5,2,21,12,143,82,4,4,659.86,5,2,21,11,143,76,0
5,2,22,12,152,89,6,6,176.27,5,2,22,11,152,83,0
5,2,22,11,152,82,7,5,12313.41,5,2,22,13,152,91,0
5,2,22,9,148,64,2,2,7242.24,5,2,21,8,145,61,0
5,2,21,12,140,79,7,6,327.0,5,2,22,13,148,87,0
5,2,22,12,146,81,2,2,8849.07,5,2,22,13,147,86,0
5,2,21,10,140,65,1,1,10067.77,5,2,19,9,129,61,0
5,2,21,9,142,62,11,9,123.15,4,1,14,2,94,14,0
5,2,22,13,152,91,3,4,5001.14,5,2,22,13,152,91,0
5,2,22,13,152,91,6,3,236.72,5,2,22,12,151,89,0
5,2,21,10,145,76,3,3,202052.75,5,2,22,12,152,85,0
5,2,22,10,150,73,7,6,404.33,5,2,22,10,150,73,0
5,2,22,12,152,90,3,3,202.04,5,2,21,10,144,74,0
5,2,21,12,145,84,3,3,224.84,5,2,21,11,145,80,0
5,2,22,13,151,90,3,3,3482.95,5,2,19,9,129,67,0
5,2,22,13,151,90,3,3,41.56,5,2,22,13,151,90,0
5,2,22,13,152,91,9,5,245.31,5,2,22,11,146,76,0
5,2,22,13,152,91,8,7,25.2,5,2,22,12,146,81,0
5,2,21,12,143,82,4,3,4.81,5,2,21,12,141,80,0
5,2,22,12,152,90,10,8,105.14,5,2,20,10,136,74,0
5,2,21,12,142,81,5,4,343.03,5,2,21,11,139,75,0
5,2,22,11,150,81,3,3,1445.28,5,1,20,5,132,29,0
5,2,20,10,132,67,2,2,55023.65,5,2,18,9,123,62,0
5,2,21,11,144,82,6,5,405.51,5,2,21,11,144,82,0
5,2,22,13,148,87,7,4,19364.34,5,2,21,11,140,76,0
5,2,21,11,141,74,2,2,37.91,5,2,21,11,141,74,0
5,2,22,12,152,88,3,3,121.41,5,2,22,10,146,66,0
5,2,22,13,151,90,11,8,3911.76,5,2,21,12,145,84,0
5,2,22,11,152,80,5,3,3411.14,5,2,22,12,151,86,0
5,2,22,12,152,90,13,9,96.4,5,2,22,12,152,84,0
5,0,22,1,152,11,2,2,0.12,5,0,22,1,152,12,0
5,2,22,12,150,83,4,3,593.66,5,2,21,11,139,72,0
5,2,22,10,152,76,6,4,3.28,5,2,21,9,144,68,0
5,2,22,12,152,88,53,15,557.88,5,2,22,11,152,78,0
5,2,22,13,152,91,2,2,8667.84,5,1,22,6,147,42,0
5,2,21,12,145,84,5,5,7148.76,5,1,22,4,151,30,0
5,2,22,11,151,82,1,1,10657.68,5,2,22,9,146,62,0
5,2,22,12,152,89,4,4,401.83,5,2,20,8,137,61,0
5,2,22,13,152,91,11,9,170.74,5,2,22,13,152,91,0
5,2,22,13,152,91,3,3,100.94,5,2,22,11,152,83,0
5,2,22,13,151,90,32,16,2029.95,5,2,22,13,151,90,0
5,2,21,10,141,72,3,4,51.25,5,2,21,10,141,72,0
5,2,21,12,145,84,10,6,14.51,5,2,21,12,145,84,0
5,2,20,10,133,65,3,3,53783.15,5,2,22,12,151,83,0
5,2,21,11,141,75,12,10,50.43,5,2,21,11,141,77,0
5,2,22,12,149,85,7,6,175.34,5,2,22,12,148,84,0
5,2,20,9,136,66,4,4,6489.24,5,2,20,9,135,65,0
5,2,19,8,128,59,4,2,11254.76,5,2,22,13,152,91,0
5,2,22,13,152,91,9,7,189.27,5,2,22,12,147,82,0
5,2,22,12,150,87,4,3,39267.33,5,2,22,12,152,90,0
5,2,22,13,152,91,7,4,257.33,5,2,22,13,151,90,0
5,2,22,12,147,83,3,3,1391.1,5,2,21,10,143,70,0
5,2,22,12,150,84,6,4,4932.11,5,2,21,10,139,69,0
5,2,22,12,151,88,1,1,23940.56,5,2,19,8,131,61,0
5,2,22,13,149,88,9,5,60.0,5,2,22,13,147,86,0
5,2,21,11,145,83,4,3,483.76,5,2,19,9,128,64,0
5,2,22,13,151,90,4,2,12.0,5,2,22,13,150,89,0
5,2,20,10,138,76,7,6,2.0,5,2,21,11,145,83,0
5,2,22,13,151,90,5,4,2470.6,5,2,22,12,151,86,0
5,2,22,13,152,91,6,5,981.79,5,2,22,11,150,78,0
5,2,22,13,152,91,11,11,436.01,5,2,22,13,152,91,0
5,2,22,13,152,91,7,6,12.21,5,2,22,13,152,91,0
5,2,22,12,151,89,4,3,1000.35,5,2,22,12,151,89,0
5,2,21,12,139,78,2,2,12861.55,5,2,21,11,144,82,0
5,2,22,13,152,91,4,3,6.04,5,2,22,13,152,91,0
5,1,22,7,151,48,3,1,168167.01,5,2,22,13,151,90,0
5,2,22,11,151,81,1,1,20315.25,5,2,18,7,123,53,0
5,2,22,11,151,81,5,5,544.3,5,2,22,11,151,81,0
5,2,22,13,146,85,4,3,1145.43,5,2,22,12,146,79,0
5,2,22,12,149,87,2,2,8114.21,5,2,21,10,142,72,0
5,2,22,13,152,91,2,3,1606.47,5,2,21,10,145,72,0
5,2,20,9,136,64,5,5,108.24,5,2,20,9,135,61,0
5,2,19,10,130,69,3,3,2262.46,4,1,17,8,113,52,0
5,2,22,13,152,91,7,6,747.01,5,2,20,10,137,71,0
5,2,22,13,148,87,4,3,147.43,5,2,22,12,146,82,0
5,2,22,13,149,88,7,5,46.15,5,2,22,13,147,86,0
5,2,22,13,152,91,3,2,16609.55,5,2,22,13,152,91,0
5,2,22,12,152,88,9,6,49568.91,5,2,22,12,152,86,0
5,2,18,8,122,55,4,4,17083.62,3,0,12,2,77,15,0
5,2,21,10,143,73,4,3,96.94,5,2,21,10,140,70,0
5,2,22,12,151,89,13,10,4273.42,5,2,22,12,151,89,0
5,2,22,12,147,81,2,2,57152.77,5,2,21,11,143,75,0
5,2,22,13,152,91,3,2,658.14,5,2,22,12,150,88,0
5,2,21,11,144,77,4,3,100.94,5,2,21,11,144,77,0
5,2,22,13,149,88,3,3,178.19,5,2,22,13,150,89,0
5,2,22,13,148,87,8,7,50.16,5,2,22,10,152,72,0
5,2,22,13,152,91,8,4,822.58,5,2,22,11,151,82,0
5,2,22,11,152,79,3,3,526.69,5,2,22,11,146,71,0
5,2,21,11,143,76,3,2,10078.85,5,2,21,11,143,78,0
5,2,22,12,150,86,3,3,5718.97,5,2,19,8,131,60,0
5,2,22,13,151,90,1,1,195.28,5,2,22,12,152,88,0
5,2,22,13,152,91,4,3,3318.21,5,2,22,12,152,89,0
5,2,21,11,144,82,8,4,137.87,5,2,21,11,144,82,0
5,2,22,11,152,78,7,6,18.1,5,2,21,10,144,69,0
5,2,22,13,146,85,8,6,124.71,5,2,22,12,148,85,0
5,2,22,12,146,83,2,2,11112.95,5,2,20,9,137,62,0
5,2,22,12,152,84,11,5,69.99,5,2,22,12,150,86,0
5,2,22,11,148,79,1,1,4938.88,5,2,22,9,146,62,0
5,2,22,12,152,84,3,2,275.59,5,2,19,9,126,58,0
5,2,21,12,144,83,7,5,346.75,5,2,20,11,133,72,0
5,2,22,11,150,80,6,5,5559.02,5,2,22,12,152,90,0
5,2,22,12,152,90,1,1,15963.49,5,2,22,11,146,77,0
5,2,22,12,151,88,5,2,3947.0,5,2,22,11,146,76,0
4,0,17,3,116,20,4,2,598.58,5,2,22,13,152,91,0
5,2,22,11,152,78,7,5,405.3,5,2,21,11,144,77,0
5,2,22,13,151,90,41,20,112.05,5,2,21,11,143,79,0
5,2,21,11,143,75,4,4,1000.0,5,2,21,11,139,72,0
5,2,22,12,151,89,1,1,352.51,5,2,22,13,152,91,0
5,1,21,7,141,48,2,2,10809.81,5,1,18,3,123,20,0
5,2,22,12,147,82,7,4,2000.0,5,2,22,12,147,85,0
5,2,22,10,152,76,1,1,11955.15,5,2,21,8,145,61,0
5,2,22,13,152,91,8,7,36.5,5,2,22,12,152,90,0
5,2,22,13,152,91,3,2,5018.46,5,2,22,13,152,91,0
5,2,22,13,152,91,4,3,10810.48,4,1,16,6,106,44,0
5,2,22,10,152,71,6,5,5.18,5,2,22,10,151,74,0
5,2,22,12,152,87,7,5,32.63,5,2,22,11,151,79,0
5,2,22,13,151,90,6,5,387.32,5,2,22,12,151,89,0
5,2,20,10,134,66,1,1,3503.94,5,2,22,12,152,88,0
5,2,22,12,150,84,12,8,677.23,5,2,22,13,152,91,0
5,2,22,10,152,71,9,8,35014.34,5,2,22,11,152,77,0
5,2,21,11,140,74,1,1,22843.23,4,1,17,7,116,54,0
5,2,22,12,152,87,2,2,200.77,5,2,22,11,150,76,0
5,2,22,13,147,86,5,5,2871.31,5,2,22,12,147,85,0
5,2,21,10,140,68,1,1,7667.75,5,2,20,9,132,59,0
5,2,22,12,152,89,10,7,18782.94,5,2,22,12,152,90,0
5,2,22,13,152,91,3,3,4805.36,5,2,22,10,147,66,0
5,2,20,11,138,77,2,2,7133.69,4,1,16,4,106,29,0
5,2,22,9,150,65,5,4,4084.65,5,2,22,9,150,65,0
5,0,22,2,151,18,4,3,49000.0,5,0,22,3,150,20,0
5,2,19,10,131,70,3,2,41.34,5,2,19,9,131,67,0
5,2,22,12,152,88,7,4,242.51,5,2,22,12,152,86,0
5,2,22,12,152,90,13,8,20.99,5,2,22,12,152,90,0
5,2,22,12,152,90,6,5,149238.75,5,2,22,11,148,76,0
5,2,18,5,124,40,4,4,4676.92,5,2,18,6,124,44,0
5,2,22,12,150,87,4,4,2633.58,5,2,21,9,141,63,0
5,2,20,9,137,68,3,3,131.43,5,2,20,9,137,68,0
5,2,22,11,152,83,5,4,1774.01,5,2,22,11,146,76,0
5,2,21,10,145,70,3,3,612.98,5,2,21,10,145,71,0
5,2,22,10,152,71,5,5,1391.2,5,2,22,10,147,66,0
5,2,22,12,151,84,2,2,107.23,3,0,13,2,88,19,0
5,2,22,12,151,84,4,2,582.19,5,2,21,11,145,83,0
5,2,22,12,147,79,10,6,1871.98,5,2,21,11,144,76,0
5,2,19,9,127,63,3,3,500.01,5,2,22,12,152,88,0
5,2,22,13,152,91,2,2,161.12,5,2,22,8,151,60,0
5,2,22,13,151,90,61,14,152468.11,5,2,22,13,152,91,0
5,2,22,13,148,87,12,9,83.16,5,2,22,13,146,85,0
5,2,22,12,152,89,9,8,51.53,5,2,22,12,152,89,0
5,2,20,11,137,76,2,2,1085.99,5,2,20,11,134,73,0
5,2,22,12,152,88,4,3,17428.83,5,2,22,12,151,89,0
5,2,22,12,146,78,4,4,209.59,5,2,21,11,145,77,0
5,1,22,8,152,60,6,3,23.82,5,1,22,8,150,58,0
5,2,22,12,152,90,8,5,7.54,5,2,22,12,151,89,0
5,2,22,8,152,61,2,2,5900.58,5,2,22,8,151,60,0
5,0,22,3,152,25,3,2,38.4,5,1,22,4,152,33,0
5,2,22,13,152,91,11,7,310.19,5,2,22,13,147,86,0
5,2,22,13,152,91,13,8,104.47,5,2,22,12,151,88,0
5,2,22,13,152,91,10,5,29606.25,5,2,22,12,150,88,0
5,2,22,13,152,91,4,3,1094.42,5,2,22,12,146,84,0
5,2,22,12,152,86,6,5,4.11,5,2,22,12,152,86,0
5,2,22,13,152,91,6,4,341.87,5,2,22,13,148,87,0
5,2,22,12,151,88,12,6,381.88,5,2,22,12,151,83,0
5,2,20,10,132,67,3,2,322.96,5,2,20,10,132,65,0
5,2,22,10,151,71,6,6,2008.32,5,2,21,9,140,60,0
5,2,21,11,144,76,4,4,1522.27,5,2,22,12,147,82,0
5,2,22,11,151,76,1,1,10489.51,5,2,21,9,142,66,0
5,2,22,13,152,91,3,3,1150.91,5,2,20,8,132,56,0
5,2,22,10,147,71,2,2,5497.88,5,2,22,12,152,85,0
5,2,22,10,152,75,1,2,659.83,5,2,22,10,152,75,0
5,2,22,13,151,90,4,3,6582.83,5,2,22,12,151,87,0
5,2,21,12,139,78,9,5,10966.42,5,2,20,10,132,70,0
5,2,22,13,146,85,11,6,6521.27,5,2,22,12,152,90,0
5,2,22,13,152,91,11,7,1231.75,5,2,22,11,148,75,0
5,2,22,13,151,90,5,5,294.48,5,2,22,12,147,85,0
5,2,22,13,147,86,9,7,192.84,5,2,22,13,147,86,0
5,2,22,13,152,91,8,6,89.05,5,2,22,13,152,91,0
5,2,22,13,152,91,12,9,1128.32,5,2,22,13,152,91,0
5,1,22,7,152,54,36,17,3.0,5,1,22,7,150,52,0
5,2,22,11,152,83,4,3,885.75,5,2,22,10,148,72,0
5,2,22,13,152,91,4,3,3991.02,5,2,20,9,137,62,0
5,2,22,12,149,86,5,5,17.73,5,2,20,10,138,72,0
5,2,22,13,151,90,11,9,29.05,5,2,22,13,150,89,0
5,2,22,12,152,90,8,6,144.39,5,2,22,12,151,89,0
5,2,22,12,149,87,11,11,551.67,5,2,21,11,140,78,0
5,2,22,10,149,68,1,1,19720.8,5,2,19,9,131,69,0
5,2,19,9,126,61,4,4,29.27,5,2,19,9,125,61,0
5,2,22,12,152,87,16,7,24.09,5,2,22,12,152,86,0
5,2,22,13,151,90,5,3,668.42,5,2,21,9,140,60,0
5,2,21,10,144,74,6,5,866.15,5,2,21,10,144,75,0
5,2,22,13,149,88,3,3,26654.39,5,2,20,10,132,65,0
5,2,22,13,152,91,8,6,765.51,5,2,22,13,149,88,0
5,2,22,12,150,86,2,2,119.91,5,2,22,11,147,77,0
4,1,16,7,109,48,6,3,22164.06,4,1,16,7,104,43,0
5,2,22,12,147,80,2,2,38622.0,5,0,21,0,140,0,0
5,2,22,11,150,80,4,4,124.61,5,2,22,11,148,78,0
5,2,22,13,147,86,4,3,18812.14,5,2,18,7,124,49,0
5,2,21,9,139,59,4,5,2541.95,5,2,22,12,147,81,0
5,2,21,11,143,81,2,2,711.01,5,2,21,11,143,81,0
5,2,19,10,127,66,2,2,3511.92,5,2,22,8,152,61,0
5,2,21,10,139,68,2,3,530.66,5,2,19,8,131,61,0
5,2,22,13,150,89,2,2,529.13,5,2,22,12,150,83,0
5,2,22,12,150,87,9,8,66.43,5,2,21,11,142,79,0
5,2,20,10,133,71,4,3,484.81,5,2,20,9,133,63,0
5,2,21,12,142,81,4,5,11040.45,4,0,18,2,119,15,0
5,2,22,13,152,91,2,2,467.78,5,2,20,10,138,70,0
5,2,22,12,152,89,7,4,33269.21,5,2,22,12,152,84,0
5,2,22,13,151,90,6,8,12.97,5,2,22,11,151,76,0
5,2,22,12,150,88,3,2,3161.91,5,2,22,13,149,88,0
5,2,19,9,128,66,5,5,13458.81,5,2,19,9,128,66,0
5,2,22,9,151,68,4,4,5502.67,5,2,20,9,137,62,0
5,2,22,13,152,91,9,6,1058.17,5,2,22,13,152,91,0
5,2,22,11,150,75,3,3,4008.92,5,2,22,11,150,75,0
5,2,22,13,152,91,7,6,31517.02,5,2,20,10,137,73,0
5,2,22,12,152,90,4,4,2091.0,5,2,22,11,152,79,0
5,2,19,9,126,64,5,5,2479.14,5,2,19,9,126,62,0
5,2,22,12,152,90,1,1,4404.16,5,2,19,8,131,61,0
5,2,22,12,152,88,5,5,44.63,5,2,21,12,142,81,0
5,2,22,13,152,91,5,4,116.63,5,2,22,13,147,86,0
5,2,22,10,147,70,1,1,95908.37,5,2,21,8,145,61,0
5,2,22,13,150,89,4,2,1951.73,5,2,22,12,152,90,0
5,2,22,11,151,81,4,5,501.49,5,2,22,11,150,80,0
5,2,22,13,148,87,4,2,142.0,5,2,22,13,148,87,0
5,2,22,12,152,89,5,5,39.77,5,2,22,12,150,88,0
5,2,22,13,149,88,6,5,1004.49,5,2,22,13,149,88,0
5,2,22,12,149,87,7,3,180.63,5,2,22,12,146,79,0
5,2,22,13,150,89,4,4,949.27,5,2,22,12,149,85,0
5,2,21,12,144,83,4,4,585.99,5,2,21,12,144,83,0
5,2,22,12,152,89,12,8,6090.14,5,2,22,13,152,91,0
5,2,22,12,152,90,3,2,10369.3,5,2,22,12,152,90,0
5,2,22,13,152,91,5,3,83.56,5,2,22,11,148,78,0
5,2,22,13,148,87,10,7,29976.02,5,2,20,11,134,73,0
5,2,22,12,149,87,1,1,46131.82,5,2,22,12,152,90,0
5,2,22,11,151,77,16,11,1246.49,5,2,22,11,150,76,0
5,2,19,9,126,60,4,3,0.01,5,2,19,9,128,62,0
5,2,22,13,152,91,7,6,30.7,5,2,22,13,151,90,0
5,2,20,9,136,64,4,3,3644.37,5,2,20,9,136,63,0
5,2,22,13,149,88,3,2,499.28,5,2,22,13,149,88,0
5,2,21,10,143,71,6,3,3300.0,5,2,21,9,143,61,0
5,2,22,12,152,84,3,3,10881.48,4,1,15,2,102,17,0
5,2,22,12,149,87,14,10,1312.23,5,2,22,12,147,84,0
5,2,22,12,152,90,4,4,456.3,5,2,22,13,152,91,0
5,2,20,10,138,76,5,4,1800.0,5,2,20,11,137,76,0
5,2,22,12,152,90,7,5,57.47,5,2,19,10,131,70,0
5,2,22,11,147,74,2,2,21221.52,5,2,22,12,147,85,0
5,2,22,12,149,82,2,1,845.28,5,2,22,10,149,68,0
5,2,21,9,144,66,2,2,474.36,5,2,20,9,136,61,0
5,2,21,11,145,83,8,8,1291.24,5,2,21,11,144,82,0
5,2,22,12,152,89,4,4,1851.09,5,2,22,12,152,88,0
5,2,22,12,149,87,6,5,43.99,5,2,21,12,141,80,0
5,1,22,5,148,31,2,2,7559.43,5,1,22,5,146,30,0
5,2,20,9,137,64,3,3,59774.42,5,2,22,11,152,82,0
5,2,22,13,152,91,12,9,38.63,5,2,22,13,148,87,0
5,2,22,12,151,89,10,8,14.45,5,2,22,13,152,91,0
5,2,22,12,147,85,3,3,100.0,5,2,22,12,147,85,0
5,2,21,11,143,81,4,3,371.33,5,2,21,11,140,78,0
5,2,22,13,150,89,5,5,100.34,5,2,21,11,144,82,0
5,2,22,12,149,86,9,9,1991.63,5,2,21,11,145,83,0
5,2,22,11,152,80,2,2,70000.0,5,2,22,11,151,79,0
5,2,22,13,147,86,4,4,835.39,5,2,19,9,131,69,0
5,2,22,13,152,91,7,6,132.86,5,2,22,13,146,85,0
5,2,22,13,150,89,7,4,2.43,5,2,22,13,150,89,0
5,2,22,12,152,87,7,6,143.16,4,1,16,6,106,41,0
5,2,22,13,152,91,5,4,5004.6,5,2,22,11,150,80,0
5,2,22,12,148,85,3,3,2645.79,5,2,22,12,148,85,0
5,2,22,9,150,63,4,4,183.51,5,2,20,7,137,50,0
5,2,20,11,138,77,4,4,522.14,5,2,19,9,131,66,0
5,2,22,10,152,72,9,6,35.59,5,2,22,12,151,85,0
5,2,22,12,152,88,3,3,116.23,5,2,22,12,152,88,0
5,2,22,12,150,84,4,4,1434.63,5,2,22,12,150,82,0
5,2,20,9,133,63,3,3,72.53,5,2,20,9,133,62,0
5,2,22,13,151,90,1,2,861.11,4,1,17,7,115,48,0
5,2,22,13,152,91,9,4,207.95,5,2,22,11,151,81,0
5,2,22,13,149,88,1,1,10000.73,5,2,22,9,151,63,0
5,2,22,11,151,78,7,5,174.52,5,2,22,11,151,78,0
5,2,21,10,144,72,5,4,331.8,5,2,21,10,144,70,0
5,2,20,11,137,76,2,1,2300.15,5,2,22,13,150,89,0
5,2,22,13,152,91,10,8,10772.59,5,2,22,12,149,87,0
5,2,20,10,138,76,6,5,143.3,5,2,20,10,138,71,0
5,2,21,9,142,65,1,1,36560.23,5,2,22,12,150,87,0
5,2,22,12,146,84,2,1,4770.36,5,2,20,10,133,67,0
5,2,22,13,147,86,6,4,20180.93,5,2,22,11,147,78,0
5,2,21,12,144,83,13,9,39.85,5,2,21,9,140,60,0
5,2,22,9,152,68,3,3,791.83,5,2,22,9,151,67,0
5,2,22,11,147,77,3,2,7033.77,5,2,22,12,150,88,0
5,2,22,12,152,84,5,5,10738.54,5,2,22,12,152,86,0
5,2,21,12,144,83,3,3,1167.89,5,2,21,12,144,83,0
5,2,21,12,142,81,1,1,9171.45,5,2,22,12,152,90,0
5,2,22,13,151,90,3,3,1200.97,5,2,19,9,126,59,0
5,2,22,11,152,78,2,1,192.77,5,2,21,9,143,66,0
5,2,21,12,139,78,3,3,313.13,5,2,20,9,132,62,0
5,2,22,12,152,87,17,8,2144.03,5,2,20,10,135,73,0
5,2,22,12,152,88,9,6,672.58,5,2,22,11,152,82,0
5,2,22,13,152,91,3,3,1393.53,5,2,22,12,152,90,0
5,2,19,9,126,63,2,2,1213.93,5,2,19,8,126,57,0
5,2,22,12,152,90,1,1,24778.63,5,2,22,13,152,91,0
5,2,22,11,149,80,1,1,38139.26,5,2,19,8,130,60,0
5,2,22,13,149,88,8,8,1012.92,5,2,22,12,149,86,0
5,2,21,10,139,70,6,4,20329.17,5,2,20,9,136,61,0
5,2,21,11,145,80,6,4,24.5,5,2,21,11,140,75,0
5,2,22,13,151,90,2,2,21982.91,5,1,22,4,149,30,0
5,1,22,6,146,41,3,3,10.0,5,2,22,9,152,68,0
5,2,20,11,132,71,3,3,10.63,5,2,20,11,132,71,0
5,2,22,12,152,87,8,7,52.81,5,2,22,12,151,86,0
5,2,22,13,152,91,8,7,179.09,5,2,20,10,136,74,0
5,2,21,11,142,78,2,2,3557.68,5,2,22,13,151,90,0
5,2,22,12,152,90,4,1,4561.96,5,2,22,13,150,89,0
5,2,22,13,152,91,14,9,198.88,5,2,22,13,152,91,0
5,2,22,12,146,84,1,1,2483.28,5,2,22,11,146,71,0
5,2,22,12,152,90,6,4,27.61,5,2,21,11,141,78,0
5,2,21,12,140,79,9,6,550.02,5,2,22,13,146,85,0
5,2,21,10,144,73,9,4,20.0,5,2,22,12,147,80,0
5,2,22,13,150,89,8,4,5904.06,5,2,22,12,150,86,0
5,2,21,11,142,75,5,5,11456.01,5,2,21,9,142,60,0
5,2,22,13,152,91,11,8,154.38,5,2,22,11,152,82,0
5,2,22,13,152,91,5,4,1749.07,5,2,22,11,151,78,0
5,2,22,13,152,91,6,4,26218.8,5,2,21,11,141,75,0
5,2,22,13,152,91,3,3,500.35,5,2,22,13,152,91,0
5,2,22,12,149,85,6,4,654.96,5,2,21,11,141,77,0
5,2,22,12,146,82,7,6,64.0,5,2,22,11,146,71,0
5,2,22,13,150,89,9,6,0.07,5,2,22,13,152,91,0
5,2,21,11,145,80,3,3,463.9,5,2,20,9,136,67,0
5,2,22,13,151,90,1,1,8135.28,5,2,22,9,148,61,0
5,2,22,13,152,91,2,2,1029.07,5,2,22,11,151,77,0
5,2,22,12,152,90,3,2,1538.25,5,2,22,12,151,89,0
5,2,22,13,147,86,5,5,393.62,5,2,22,11,150,77,0
5,2,22,13,146,85,6,4,50.09,5,2,21,11,145,81,0
5,2,22,13,152,91,11,8,104.49,5,2,22,13,152,91,0
5,2,22,13,150,89,8,6,35482.06,5,2,19,10,126,65,0
5,2,22,9,152,64,4,4,1358.9,5,2,22,9,151,63,0
5,2,21,9,139,63,6,4,10587.02,5,2,21,10,139,64,0
5,2,22,13,152,91,9,7,108.91,5,2,22,12,149,81,0
5,2,22,11,152,83,8,7,1134.02,5,2,21,10,140,71,0
5,2,22,13,152,91,9,7,285.15,5,2,22,13,147,86,0
5,2,22,13,152,91,10,5,6.18,5,2,22,13,152,91,0
5,2,22,12,149,82,9,6,10.14,5,2,22,12,148,82,0
3,0,13,4,89,28,2,1,13446.53,5,1,22,7,152,49,0
5,2,22,12,150,84,16,9,1318.96,5,2,22,12,152,86,0
5,2,22,12,148,84,5,5,266.84,5,2,20,10,134,70,0
5,2,22,12,152,86,9,7,327.57,5,2,20,10,136,70,0
5,1,22,6,147,38,37,17,1000.0,5,1,22,6,152,45,0
5,2,22,12,146,83,8,4,1415.2,5,2,21,11,140,77,0
5,2,22,10,152,76,2,3,6014.54,5,2,22,11,147,72,0
5,2,21,11,139,75,2,2,825.25,5,2,20,11,132,71,0
5,2,21,12,145,84,5,3,2608.64,5,2,21,11,143,77,0
3,0,13,3,86,24,1,2,3695.85,5,2,18,6,124,48,0
5,0,22,2,152,18,2,2,102.03,5,0,22,2,152,18,0
5,1,18,4,124,31,2,2,180.04,4,1,16,6,109,44,0
5,2,22,13,151,90,3,2,228.16,5,2,22,13,152,91,0
5,2,21,12,145,84,13,11,3835.31,5,2,22,13,152,91,0
5,2,22,12,152,87,2,2,4759.54,5,2,22,11,146,74,0
5,2,21,11,142,76,11,7,116.61,5,2,21,11,142,76,0
5,2,22,12,152,89,9,2,467.49,5,2,22,12,148,86,0
5,2,21,10,145,75,5,3,145.58,5,2,21,10,145,76,0
5,2,22,12,150,88,3,2,2665.27,3,0,12,2,81,15,0
5,2,22,12,149,85,5,4,30.45,5,2,22,13,149,88,0
5,2,21,11,145,83,3,3,103.73,5,2,22,12,146,84,0
5,2,22,13,152,91,5,2,6048.23,5,2,22,11,148,76,0
5,2,21,12,139,78,4,6,4350.22,5,2,19,10,131,70,0
5,2,22,13,150,89,5,8,1.23,5,2,22,13,150,89,0
5,2,22,11,148,76,2,2,1797.19,5,2,22,12,151,85,0
5,2,22,13,152,91,15,8,49.02,5,2,22,13,152,91,0
5,2,21,12,141,80,4,2,6.29,4,1,17,8,116,55,0
5,2,22,12,148,86,37,12,100.45,5,2,22,12,148,86,0
5,2,22,11,146,71,5,4,0.32,5,2,22,11,146,71,0
5,2,22,12,152,86,6,5,1695.21,5,2,22,13,152,91,0
5,2,21,11,141,77,2,2,196.18,5,2,20,10,133,70,0
5,2,22,12,149,86,5,4,528.96,5,2,19,10,129,68,0
5,2,22,12,151,89,8,6,5827.16,5,2,22,11,150,76,0
5,2,22,12,146,80,6,5,9707.7,5,2,20,9,138,69,0
5,2,22,12,151,89,5,3,2017.55,5,2,22,12,149,87,0
5,2,22,12,152,90,9,5,44.42,5,2,22,12,152,85,0
5,2,22,13,152,91,13,7,162.06,5,2,22,13,152,91,0
5,2,22,13,152,91,5,5,1981.66,5,2,22,12,149,83,0
5,2,21,9,139,63,4,4,5065.43,5,2,20,8,133,53,0
5,2,22,13,152,91,44,17,1585.44,5,2,22,13,152,91,0
5,2,22,11,150,80,6,5,628.95,5,2,22,12,150,82,0
5,2,22,13,152,91,13,9,637.49,5,2,22,12,152,88,0
5,2,22,12,150,87,7,5,1.0,5,2,22,12,149,86,0
5,2,22,11,151,79,2,2,14906.46,5,2,19,8,130,61,0
5,2,22,12,152,89,12,11,0.84,5,2,22,12,151,88,0
5,2,22,12,152,90,11,9,10.73,5,2,22,12,152,90,0
5,2,22,11,151,82,1,1,4071.73,5,1,20,2,132,11,0
5,2,22,13,152,91,9,5,19.24,5,2,22,13,152,91,0
5,2,22,13,152,91,14,10,632.54,5,2,22,13,150,89,0
5,2,22,13,151,90,4,3,263.0,5,2,22,12,151,89,0
5,2,22,11,152,77,4,3,11.32,5,2,22,11,149,74,0
5,2,22,12,152,90,12,10,39.31,5,2,22,12,148,86,0
5,2,22,13,150,89,2,2,6334.07,5,2,22,13,149,88,0
4,1,17,8,111,50,8,6,18.18,4,1,16,7,109,48,0
5,2,22,11,152,79,6,6,50256.03,5,2,20,9,133,60,0
5,2,22,12,152,90,8,5,106.68,5,2,22,11,146,72,0
5,2,22,13,152,91,6,6,23256.68,5,2,22,13,146,85,0
5,2,22,13,152,91,3,2,17443.0,5,2,22,13,152,91,0
5,2,22,12,152,90,6,5,102.99,5,2,22,12,152,90,0
5,2,22,13,152,91,4,4,211.18,5,2,21,11,139,71,0
5,2,22,13,150,89,6,5,158.62,5,2,21,9,140,62,0
5,2,21,10,143,68,5,4,416.22,5,2,19,8,128,56,0
5,2,21,11,143,77,3,3,2047.62,5,2,21,11,143,77,0
5,2,22,12,152,88,1,2,21203.8,5,2,22,9,151,62,0
5,2,22,12,150,87,1,1,222571.71,5,2,19,8,131,61,0
5,2,22,12,152,88,10,7,927.24,5,2,22,12,147,83,0
5,2,19,10,131,70,20,11,69.14,5,2,19,10,130,69,0
5,2,22,11,152,77,8,3,896.72,5,2,22,11,146,71,0
5,2,20,10,138,72,5,4,82.81,5,2,20,9,137,68,0
5,2,22,13,152,91,4,4,1972.76,5,2,22,12,152,86,0
5,2,22,11,147,74,3,5,400.0,5,2,21,10,143,70,0
5,2,22,11,150,81,6,5,104.88,5,2,22,11,148,79,0
5,2,22,13,152,91,5,3,496.72,5,2,22,13,147,86,0
4,1,17,7,115,48,3,3,41710.78,5,2,22,13,152,91,0
5,2,22,13,150,89,11,9,8597.36,5,2,22,13,150,89,0
5,2,22,13,152,91,7,5,124.55,5,2,22,12,151,88,0
5,2,22,13,149,88,3,2,466.76,5,2,22,10,146,64,0
5,2,21,11,139,77,2,2,1478.22,5,2,21,11,139,75,0
5,2,22,13,152,91,14,7,88.81,5,2,22,11,150,79,0
5,2,22,12,152,87,10,8,1678.55,5,2,22,11,149,77,0
5,2,22,12,149,86,5,5,100.52,5,2,22,12,149,87,0
5,2,22,12,152,90,2,2,92197.31,5,2,22,13,152,91,0
5,2,22,12,152,85,2,1,7712.87,5,2,20,9,134,59,0
5,2,22,11,150,78,4,4,78.07,5,2,22,11,150,78,0
5,2,22,13,152,91,5,5,162.18,5,2,20,10,132,70,0
5,2,22,12,149,82,4,4,90.05,5,2,22,12,149,82,0
5,2,19,7,131,49,2,2,4126.43,5,2,19,8,130,55,0
5,2,22,12,152,86,8,7,189.35,5,2,22,12,152,86,0
5,2,22,13,150,89,7,4,566.44,5,2,19,9,131,68,0
5,2,22,11,151,76,2,1,5000.0,5,2,21,10,139,64,0
5,2,22,12,149,87,5,4,91.38,5,2,22,12,147,84,0
5,2,22,12,151,89,4,4,5359.31,5,2,22,9,151,64,0
5,2,22,13,152,91,8,7,400.17,4,1,16,6,105,38,0
5,2,21,10,144,70,4,4,3064.53,5,2,20,9,133,59,0
5,2,21,9,141,59,2,2,30610.13,5,1,21,3,140,19,0
5,2,22,12,152,87,10,7,351.43,5,2,22,12,148,83,0
5,2,22,11,152,82,8,6,497.52,5,2,22,11,149,79,0
5,2,22,10,147,71,4,4,6622.48,5,2,22,12,146,80,0
5,2,21,9,145,69,4,2,88.94,5,2,21,9,142,66,0
5,2,22,13,149,88,2,2,5439.15,5,2,20,11,137,76,0
5,2,22,13,152,91,7,4,137.0,5,2,22,12,147,85,0
5,2,22,13,151,90,7,5,225.04,5,2,22,12,149,81,0
5,2,22,12,152,89,13,9,2071.88,5,2,22,13,152,91,0
5,2,22,13,150,89,3,2,33.02,4,1,18,9,121,60,0
5,2,20,10,137,75,2,2,4979.25,5,2,19,9,127,65,0
5,2,22,10,152,75,4,3,1425.9,5,2,22,12,152,90,0
5,2,22,12,149,87,7,6,470.71,5,2,22,12,149,87,0
5,2,22,12,149,82,6,3,3000.01,5,2,20,10,138,71,0
5,2,22,12,152,90,4,3,4088.83,5,2,22,13,149,88,0
5,2,22,12,151,85,3,2,5144.22,5,2,21,11,141,75,0
5,2,22,13,150,89,12,8,102.65,5,2,22,13,146,85,0
5,2,22,12,152,86,7,6,741.29,5,2,22,12,151,89,0
5,2,22,12,146,80,6,4,46.8,5,2,21,11,140,74,0
5,2,22,13,152,91,4,3,2274.23,5,2,22,12,148,83,0
5,2,21,10,141,69,3,2,0.98,5,2,20,9,136,66,0
5,2,22,12,148,83,1,3,4892.73,5,2,21,8,144,56,0
5,2,21,8,145,56,2,2,561711.69,5,1,19,4,131,34,0
5,2,22,13,147,86,1,1,21268.92,5,2,21,9,143,63,0
5,2,22,13,151,90,5,3,2150.65,5,2,22,11,146,76,0
5,2,22,13,152,91,5,5,11.36,5,2,21,11,144,77,0
5,2,20,10,138,73,1,3,7336.71,5,2,22,11,147,77,0
5,2,22,13,152,91,8,5,97.01,5,2,22,11,150,81,0
5,2,21,10,142,67,3,3,212.08,5,2,20,9,136,61,0
5,2,22,12,152,85,4,3,15569.69,5,2,22,12,150,83,0
5,2,22,13,151,90,7,6,153.65,5,2,21,11,144,82,0
5,2,22,13,151,90,2,2,9646.52,5,2,22,8,151,60,0
5,2,22,13,152,91,2,2,20177.18,5,2,18,9,122,61,0
5,2,22,13,151,90,6,7,999.59,5,2,21,11,144,77,0
5,2,21,12,140,79,2,2,3929.56,5,2,18,9,123,62,0
5,2,22,12,152,84,7,4,1092.33,5,2,22,11,152,77,0
5,2,20,9,136,62,6,5,20.0,5,2,20,9,136,62,0
5,2,21,9,143,64,5,5,2405.92,5,2,21,9,140,60,0
5,2,22,12,149,87,4,3,4580.66,5,2,21,10,140,70,0
5,2,22,11,152,78,6,5,1024.84,5,2,22,11,150,76,0
5,2,22,13,152,91,6,4,49104.83,5,2,21,12,139,78,0
5,2,22,12,149,87,2,2,1226.67,5,2,22,12,149,86,0
5,2,22,12,150,88,10,7,231.65,5,2,22,11,149,80,0
5,2,22,13,152,91,2,2,498.86,5,2,22,8,152,61,0
5,2,22,13,151,90,4,4,7841.83,5,2,19,8,130,60,0
5,2,22,12,150,82,3,3,656.18,5,2,22,12,150,82,0
5,2,22,13,151,90,7,6,1690.38,5,2,22,13,150,89,0
5,2,22,13,152,91,3,3,958.01,5,2,21,12,145,84,0
5,2,22,12,152,84,4,3,11637.88,5,2,21,9,141,61,0
5,2,21,11,139,77,3,3,2182.08,5,2,21,11,139,77,0
5,2,22,13,147,86,5,4,234.05,5,2,22,12,147,84,0
5,2,22,13,147,86,4,3,6397.45,5,2,21,11,144,77,0
5,2,22,13,149,88,11,9,158.85,5,2,22,13,149,88,0
5,2,22,13,152,91,13,11,229.01,5,2,22,12,152,86,0
5,2,22,11,149,79,5,3,42.22,5,2,19,8,131,61,0
5,2,22,12,152,90,4,2,1020.6,5,2,22,12,151,89,0
5,2,22,12,148,80,6,6,12082.81,5,2,22,13,148,87,0
5,2,22,11,148,78,5,5,603.8,5,2,19,8,131,61,0
5,2,21,11,143,79,6,6,1231.43,5,2,22,12,147,83,0
5,2,20,10,133,70,2,2,3000.13,5,2,19,9,126,64,0
5,2,22,12,148,84,1,1,5521.77,5,2,21,8,143,60,0
5,2,21,12,143,82,3,3,3.9,5,2,21,9,140,64,0
5,2,22,12,152,90,7,6,13049.56,5,2,22,11,147,74,0
5,2,22,11,147,76,7,5,859.63,5,2,19,6,125,40,0
5,2,22,9,152,63,1,1,5000.0,5,2,22,9,149,61,0
5,2,22,10,147,68,1,1,10776.51,4,1,17,5,111,31,0
5,2,22,13,150,89,1,1,4842.17,5,2,22,9,147,58,0
4,1,17,8,117,56,1,1,21.93,4,1,17,8,116,55,0
5,2,22,12,150,88,15,15,56929.13,5,2,22,11,150,80,0
5,2,22,12,149,84,4,4,3.49,5,2,22,9,149,60,0
5,1,22,7,146,49,2,2,0.01,5,2,22,9,152,67,0
5,2,22,9,151,62,1,1,2000.0,5,2,22,9,151,62,0
5,2,22,10,151,74,3,3,26668.78,5,2,22,10,152,73,0
5,2,22,12,148,86,3,4,449.21,5,2,22,12,147,85,0
5,2,22,12,152,90,6,5,80.49,5,2,21,11,141,79,0
5,2,22,13,152,91,4,5,4691.43,5,2,22,12,152,90,0
5,2,21,12,143,82,15,11,222.29,5,2,22,13,146,85,0
5,2,22,13,146,85,7,7,275.43,5,2,21,11,139,72,0
5,2,22,13,151,90,5,5,1695.09,5,2,22,11,151,81,0
5,2,21,12,142,81,5,4,37.26,5,2,21,12,142,81,0
5,2,22,13,152,91,7,2,1162.43,5,2,22,11,152,82,0
5,2,20,10,137,71,3,2,147.88,5,2,20,11,134,73,0
5,2,20,11,136,75,13,6,0.71,5,2,20,11,136,75,0
5,2,21,11,140,78,3,3,402.96,5,2,20,10,137,75,0
5,2,22,13,147,86,9,6,478.6,5,2,22,11,152,83,0
5,2,22,13,151,90,4,2,33623.44,5,2,22,13,152,91,0
5,2,22,12,151,87,25,13,6.08,5,2,22,12,151,87,0
5,2,21,11,140,78,3,4,2974.98,5,2,21,9,140,60,0
5,2,22,12,152,87,4,4,16996.48,5,2,22,13,152,91,0
5,2,22,12,147,84,10,8,1111.33,5,2,21,11,144,81,0
5,2,22,12,152,86,4,4,5668.54,5,2,22,11,152,77,0
5,2,22,12,146,80,4,3,1019.33,5,2,22,12,146,80,0
5,2,22,12,152,90,1,1,93221.19,5,2,19,7,130,49,0
5,2,20,10,137,75,3,4,7794.98,5,2,21,9,140,60,0
5,2,22,9,152,65,2,2,18086.32,3,0,13,0,84,0,0
5,2,21,11,144,79,3,2,3441.71,5,2,20,9,136,61,0
5,2,22,12,152,89,2,2,37547.03,5,2,19,9,129,61,0
5,2,21,11,141,79,4,4,318.62,5,2,20,9,134,60,0
5,2,22,12,152,87,4,4,2.74,5,2,22,12,151,86,0
5,2,22,11,152,83,2,1,596.7,5,2,22,13,151,90,0
5,2,22,13,150,89,4,3,2.89,5,2,22,13,150,89,0
5,2,22,12,149,87,5,4,2293.8,5,2,22,12,149,87,0
5,2,22,10,151,69,5,4,133006.8,5,2,22,9,152,64,0
5,2,22,13,152,91,9,5,71.18,5,2,22,13,152,91,0
5,2,21,10,144,72,3,3,80241.25,5,2,21,12,143,82,0
5,2,22,13,152,91,12,6,101.3,5,2,22,12,152,90,0
5,2,22,13,152,91,8,4,262.5,5,2,22,12,152,90,0
5,2,22,12,152,87,6,3,326.45,5,2,22,11,151,78,0
5,2,22,12,152,90,13,8,1001.91,5,2,22,12,152,90,0
5,2,22,13,150,89,5,4,13.65,5,2,22,10,149,73,0
5,2,22,11,152,79,2,2,4800.35,5,2,22,13,152,91,0
5,2,22,12,152,88,7,5,416.98,5,2,21,11,141,75,0
5,2,19,8,130,58,4,5,17242.85,5,2,22,9,147,63,0
5,2,22,11,152,82,2,2,2000.0,5,2,20,9,136,66,0
5,2,22,12,151,85,3,3,1209.88,5,2,22,11,150,75,0
5,2,21,11,142,80,4,4,2839.93,5,2,20,10,136,68,0
5,2,22,13,150,89,3,3,3543.3,5,2,22,11,146,72,0
5,2,22,9,150,67,2,2,2500.0,5,2,20,8,136,54,0
5,2,22,12,152,89,5,4,5071.81,5,1,22,8,151,56,0
5,2,22,12,152,90,3,2,444.41,5,2,22,13,152,91,0
5,2,22,13,151,90,4,3,30339.23,5,2,22,12,146,84,0
5,2,22,13,147,86,1,1,9474.51,5,2,20,9,136,61,0
5,2,22,13,152,91,3,2,2881.76,5,2,20,8,138,62,0
5,2,22,12,152,87,2,2,100.22,5,2,22,12,152,87,0
3,0,13,3,88,25,5,5,108.31,3,0,13,3,88,25,0
5,1,21,5,139,35,3,3,4505.01,5,1,20,4,137,33,0
5,2,22,13,151,90,15,10,19.06,5,2,22,13,146,85,0
5,2,22,12,152,88,4,3,240.39,5,2,21,11,143,79,0
5,0,22,1,150,7,1,1,100000.0,5,0,21,0,143,3,0
5,2,22,12,150,87,8,5,42.94,5,2,22,12,150,87,0
5,2,22,12,152,90,2,3,887.13,5,2,20,9,136,61,0
5,2,22,13,152,91,7,7,1661.84,5,2,21,11,143,76,0
5,2,21,11,145,77,4,3,202.16,5,2,21,11,145,77,0
5,2,22,12,152,88,6,5,564.44,5,2,22,11,152,79,0
5,2,22,13,152,91,12,8,40.4,5,2,21,11,142,79,0
5,2,19,10,128,67,9,6,119.7,5,2,19,10,127,66,0
5,2,22,13,152,91,2,2,45.68,5,2,22,13,148,87,0
5,2,22,13,152,91,3,3,86464.62,5,2,21,12,145,84,0
5,2,22,13,152,91,4,4,646.26,5,2,22,12,152,90,0
5,2,22,13,151,90,9,7,17840.73,5,2,22,12,148,86,0
5,2,21,11,143,81,4,4,60.63,5,2,21,12,143,82,0
5,2,22,12,152,90,14,6,1972.63,5,2,22,13,152,91,0
5,2,22,11,152,81,4,4,11403.34,5,2,22,12,152,89,0
5,2,21,11,139,77,3,3,5003.18,5,2,20,10,137,75,0
5,2,22,13,152,91,4,4,8487.35,5,2,20,9,136,61,0
5,2,22,13,152,91,2,2,33898.24,5,2,20,9,133,60,0
5,2,22,13,152,91,12,10,5989.94,5,2,22,12,152,89,0
5,2,22,13,152,91,4,4,1967.45,5,2,21,9,140,63,0
5,2,22,10,147,67,1,1,497.65,5,2,20,9,136,61,0
5,2,22,12,150,86,12,5,20.15,5,2,22,12,150,86,0
5,2,22,10,149,72,9,5,90.64,5,2,22,11,146,72,0
4,1,17,8,114,53,2,2,37003.03,4,1,16,7,109,48,0
5,2,22,12,152,90,11,7,517.78,5,2,22,12,152,88,0
5,2,22,12,148,86,3,3,6578.02,5,2,18,8,123,61,0
4,1,14,5,95,34,15,10,2922.82,3,0,13,4,84,23,0
5,2,21,10,143,74,4,3,23738.62,5,2,22,13,152,91,0
5,2,22,13,150,89,16,12,392.2,5,2,22,13,151,90,0
5,2,22,12,152,88,3,2,10.27,5,2,22,12,152,88,0
5,2,22,12,148,86,6,5,115.2,5,2,20,10,137,75,0
5,2,21,9,140,60,2,2,2100.0,5,2,22,11,146,74,0
5,2,22,13,152,91,27,15,14342.95,5,2,22,13,152,91,0
5,2,22,13,152,91,2,2,1289.16,5,2,22,13,150,89,0
5,2,22,13,152,91,8,3,19.52,5,2,22,12,152,86,0
5,2,22,13,152,91,6,5,268.29,5,2,20,9,137,67,0
5,2,22,13,151,90,6,5,69.93,5,2,22,12,151,88,0
5,2,21,10,139,65,2,2,5418.14,5,2,20,9,137,64,0
5,2,22,12,146,79,4,4,2361.55,5,2,22,12,150,83,0
5,2,20,9,132,62,7,6,500.99,5,2,20,9,132,62,0
5,2,22,12,152,89,8,5,519.69,5,2,22,12,149,84,0
5,2,22,11,151,82,6,6,587.53,5,2,21,11,145,77,0
5,2,22,13,151,90,8,5,3706.1,5,2,22,12,151,86,0
5,2,21,11,145,82,2,1,1501.12,5,2,21,11,144,80,0
5,2,22,13,152,91,9,6,0.65,5,2,22,12,152,88,0
5,2,19,9,126,64,2,2,3194.33,5,2,19,10,126,65,0
5,2,22,13,152,91,8,6,580.06,5,2,22,12,151,85,0
5,2,22,13,152,91,4,3,57081.27,5,2,21,11,145,83,0
5,2,22,12,152,90,5,5,4859.96,5,2,20,9,136,62,0
5,2,22,13,152,91,8,8,15.64,5,2,22,12,146,84,0
5,2,22,12,149,83,6,5,257.27,5,2,22,12,149,86,0
5,2,22,10,150,72,7,6,35859.85,5,2,21,12,140,79,0
5,2,22,13,152,91,3,3,1996.69,5,2,22,12,150,82,0
5,2,22,13,152,91,40,10,50.67,5,2,22,13,152,91,0
5,2,22,11,148,79,11,9,7799.84,5,2,22,11,151,79,0
5,2,22,13,152,91,4,4,277.0,5,2,21,9,139,58,0
5,2,22,13,152,91,4,3,1004.69,5,2,22,13,152,91,0
5,2,21,11,141,78,5,4,79.26,5,2,20,10,132,68,0
5,2,22,13,152,91,11,9,151.25,5,2,22,13,152,91,0
5,2,22,13,152,91,4,4,8180.63,5,2,22,11,152,83,0
5,2,21,11,142,80,2,2,300.65,5,2,22,13,151,90,0
5,2,22,13,149,88,13,11,626.66,5,2,22,12,149,87,0
5,2,22,12,146,83,6,5,9419.98,5,2,22,12,151,88,0
5,2,21,8,145,62,3,3,29433.83,5,2,22,13,152,91,0
5,2,22,12,149,85,3,2,34223.93,5,2,20,8,137,61,0
5,2,22,12,152,90,11,8,11.21,5,2,22,12,152,90,0
5,2,22,13,152,91,2,2,9606.67,5,2,20,9,136,61,0
5,2,22,13,146,85,8,6,2.99,5,2,19,9,131,69,0
5,2,22,12,151,84,11,7,109.98,5,2,22,12,149,82,0
5,0,22,2,152,19,1,2,14595.0,5,0,22,1,150,7,0
5,2,21,10,140,70,2,2,56767.11,5,2,21,10,139,70,0
5,2,22,9,152,67,3,2,201.75,5,2,22,9,152,68,0
5,2,22,11,151,81,9,8,100.69,5,2,22,11,151,81,0
5,2,22,13,152,91,6,4,100.6,5,2,22,13,152,91,0
5,2,22,10,152,76,2,2,260.03,5,2,22,11,151,78,0
5,2,22,12,151,84,4,4,7926.39,5,2,22,12,148,81,0
5,2,22,11,151,76,7,5,159.11,5,2,19,7,127,49,0
5,2,22,10,151,75,4,3,1064.46,5,2,22,11,152,77,0
5,2,21,10,139,69,4,3,3073.34,5,2,20,10,133,65,0
5,2,22,12,146,84,14,7,1757.15,5,2,22,12,152,90,0
5,2,22,13,152,91,9,7,74.29,5,2,22,13,152,91,0
5,2,21,10,145,73,3,3,5.61,5,2,19,9,129,61,0
5,2,20,8,133,51,4,3,63.36,5,2,22,10,152,71,0
5,2,22,12,151,89,4,5,410.02,5,2,22,11,151,78,0
5,2,22,12,152,87,10,3,2.0,5,2,22,12,150,85,0
5,2,21,12,141,80,15,7,12.3,5,2,21,12,141,80,0
5,1,22,8,152,60,4,1,1793.95,5,1,22,8,152,60,0
5,2,22,13,152,91,6,3,1.39,5,2,22,12,152,87,0
5,2,21,10,140,65,3,3,22685.05,5,2,22,10,146,69,0
5,2,22,13,150,89,17,11,0.81,5,2,22,13,152,91,0
5,2,21,12,143,82,2,2,6274.05,5,2,21,9,143,63,0
5,2,22,11,152,82,6,3,1442.42,5,2,22,11,152,82,0
5,2,22,13,152,91,12,5,3174.15,5,2,22,12,149,87,0
5,2,22,12,149,82,4,4,3832.94,5,2,22,12,146,83,0
5,2,22,12,149,87,6,4,19.59,5,2,22,12,149,81,0
5,2,22,12,151,84,2,2,0.01,5,2,22,13,151,90,0
5,2,21,12,145,84,3,2,19992.53,5,2,21,11,145,83,0
5,2,22,13,152,91,7,6,100.65,5,2,22,12,152,90,0
5,2,22,12,149,87,5,4,38.93,5,2,22,12,149,87,0
5,1,22,7,150,47,4,4,351.99,5,1,21,6,143,41,0
4,1,15,5,97,35,2,2,244.1,3,0,11,1,74,12,0
5,2,22,13,152,91,8,5,40.0,5,2,22,13,152,91,0
5,2,22,13,150,89,6,6,6.17,5,2,22,12,150,88,0
5,2,22,9,149,66,2,1,99.26,5,2,21,9,141,65,0
5,2,22,13,150,89,7,4,2.38,5,2,22,13,150,89,0
5,2,22,12,152,84,3,3,5530.83,5,2,21,11,145,79,0
5,2,22,13,152,91,5,4,2785.94,5,2,22,9,152,66,0
5,2,22,13,152,91,2,1,33420.83,5,2,22,13,152,91,0
5,1,22,5,152,41,3,3,503.2,5,1,21,4,140,29,0
5,2,22,12,148,84,5,4,3.87,5,2,22,12,147,83,0
5,2,22,11,152,81,12,12,310.93,5,2,22,11,151,81,0
5,2,22,12,150,85,4,4,23.94,5,2,21,12,141,80,0
5,2,22,13,152,91,7,4,962.81,5,2,22,11,152,82,0
5,2,20,11,137,76,4,2,8605.4,5,2,20,11,133,72,0
5,2,22,12,152,90,40,15,542.82,5,2,22,13,152,91,0
5,2,22,11,148,78,3,3,7107.23,5,2,20,9,136,63,0
5,2,22,9,147,58,4,3,666.22,5,2,22,10,147,68,0
5,2,22,12,152,84,6,5,678.19,5,2,22,12,150,83,0
5,2,22,13,152,91,4,4,1093.32,5,2,22,12,152,88,0
5,2,22,13,152,91,5,3,1993.53,5,2,22,12,146,81,0
5,2,21,12,143,82,8,6,75.56,5,2,21,12,143,82,0
5,2,22,9,150,66,3,3,2915.27,5,2,22,10,146,69,0
5,2,22,12,152,90,3,3,19470.0,5,2,22,12,152,90,0
5,2,20,11,137,76,4,4,6077.39,5,2,21,12,143,82,0
5,2,21,11,145,83,3,2,171.65,5,2,21,11,141,79,0
5,1,22,7,152,51,7,4,14004.31,5,1,22,7,151,52,0
5,2,22,12,150,88,8,6,1020.98,5,2,22,12,150,88,0
5,2,22,13,151,90,14,7,1.13,5,2,22,13,152,91,0
5,0,22,3,152,26,5,4,50000.0,5,0,22,3,151,26,0
5,2,22,12,152,90,6,5,264.0,5,2,22,12,146,84,0
5,2,22,13,152,91,6,4,108.27,5,2,22,12,150,82,0
5,2,22,12,152,88,7,6,150.09,5,2,22,12,150,85,0
5,2,22,12,147,85,6,3,101.93,5,2,22,12,147,83,0
5,2,22,13,150,89,17,10,6907.12,5,2,22,12,150,84,0
5,2,22,13,152,91,3,2,101.35,5,2,22,12,149,85,0
5,2,22,12,152,89,1,2,66250.28,5,2,21,10,140,70,0
5,2,22,11,150,79,2,2,5000.0,5,2,21,10,139,64,0
5,2,22,12,152,88,5,4,29.24,5,2,22,12,152,88,0
5,2,22,12,148,85,3,3,1511.06,5,2,19,9,126,64,0
5,2,22,13,148,87,3,2,2093.45,5,2,22,13,148,87,0
5,2,21,12,140,79,3,3,491.85,5,2,20,11,132,71,0
5,2,20,9,137,64,4,4,27957.59,4,1,14,4,96,31,0
5,2,22,13,149,88,5,3,5.13,5,2,22,13,149,88,0
5,2,21,11,142,80,4,3,5261.58,5,2,21,9,141,63,0
5,2,20,9,136,63,4,4,342399.61,5,2,20,8,133,51,0
5,2,20,10,137,75,3,3,220.33,5,2,21,11,144,79,0
5,2,22,11,151,78,5,4,6170.16,5,2,22,11,151,79,0
5,2,22,12,149,82,4,4,11776.71,5,2,21,11,145,77,0
5,2,22,12,150,82,2,3,1142.46,5,2,21,11,145,78,0
5,2,22,13,150,89,4,4,9895.27,5,2,21,11,145,83,0
5,2,22,12,152,88,3,3,68.21,5,2,22,12,152,89,0
5,2,22,12,152,90,7,7,100.74,5,2,22,12,152,90,0
5,2,22,13,152,91,6,4,295.3,5,2,22,11,152,80,0
5,2,21,11,141,79,9,6,649.08,5,2,19,9,129,67,0
5,1,21,4,145,31,7,6,9567.16,5,2,21,8,140,55,0
5,2,22,12,152,90,10,8,2637.05,5,2,22,12,152,85,0
5,2,22,13,152,91,13,6,1640.28,5,2,22,12,151,88,0
5,2,22,12,152,89,7,8,3555.66,5,2,22,12,150,86,0
5,2,22,13,149,88,9,6,9322.82,5,2,21,12,144,83,0
5,2,22,11,151,79,5,5,20051.92,4,1,17,7,112,45,0
5,2,21,11,144,82,10,8,148.52,5,2,22,12,150,88,0
5,2,22,13,152,91,4,4,6964.67,4,1,17,6,113,40,0
5,2,22,11,148,78,7,6,2223.88,5,2,22,11,148,78,0
5,2,22,12,152,90,6,6,3300.34,5,2,22,13,150,89,0
4,1,15,6,97,36,5,5,39.0,3,0,10,1,65,4,0
5,2,22,11,147,74,2,3,500.0,5,2,22,11,147,74,0
5,2,22,11,149,77,4,4,4.54,5,2,22,11,149,77,0
5,2,20,10,134,72,2,1,5147.15,5,2,18,8,122,60,0
5,2,22,12,152,89,4,4,4.95,5,2,22,10,146,68,0
5,2,22,13,151,90,5,4,8164.64,5,2,20,9,138,63,0
5,2,22,13,150,89,7,4,27.8,5,2,22,13,150,89,0
5,2,20,8,137,60,84,17,340.44,5,2,18,6,122,42,1
5,2,20,8,132,54,13,9,22.91,5,0,20,1,135,5,1
5,1,19,1,125,4,28,11,10.25,5,1,19,1,125,4,1
5,0,22,1,147,6,18,8,10.0,5,0,22,1,148,7,1
5,2,21,11,144,79,10,8,2.43,5,2,21,11,144,79,1
3,0,12,0,82,1,25,11,10.09,3,0,12,0,82,1,1
5,1,22,7,147,50,16,10,802.73,5,1,22,7,147,50,1
5,2,19,9,129,66,5,5,3.27,5,2,19,9,129,66,1
5,0,19,1,126,4,8,8,1.0,5,0,19,1,126,4,1
5,2,21,11,142,75,3,3,5894.89,5,2,21,9,140,64,1
5,2,19,9,129,62,4,2,60.85,5,2,19,9,129,64,1
4,1,15,6,99,38,21,9,102.07,4,1,15,4,100,30,1
5,1,18,1,123,8,20,10,1.55,5,1,20,3,133,18,1
3,0,10,1,66,5,9,7,1.91,3,0,10,1,68,7,1
4,1,14,5,95,34,8,7,3.26,3,0,13,3,88,22,1
4,1,16,7,104,43,9,7,17.39,4,1,17,7,113,51,1
5,2,22,12,152,88,29,12,100.2,5,2,22,12,152,88,1
4,1,18,9,121,60,10,9,66.39,4,1,18,8,118,51,1
4,1,17,7,116,51,4,4,3.24,4,1,18,8,119,55,1
4,1,14,2,94,12,16,11,1.68,4,1,14,2,95,13,1
4,1,14,5,94,33,6,4,18.22,4,1,14,5,92,31,1
4,1,17,6,111,36,52,14,10.2,3,0,13,2,89,14,1
5,2,21,11,142,80,14,10,0.96,5,2,21,11,142,80,1
4,1,16,6,108,45,6,5,1.0,4,1,16,6,108,45,1
5,2,20,11,137,76,236,41,109.42,5,1,21,7,140,48,1
4,1,15,5,102,36,10,7,10.54,4,1,15,4,102,31,1
5,2,21,11,143,81,12,9,4.92,5,2,20,10,138,76,1
5,0,20,0,135,1,16,8,1000.0,5,0,20,0,135,1,1
5,1,21,4,143,30,9,7,61.0,4,0,17,0,114,1,1
3,0,12,3,77,16,67,20,100.28,3,0,11,2,73,12,1
5,2,22,13,148,87,10,9,13036.29,5,2,21,12,141,80,1
5,0,21,0,145,1,8,4,2.45,5,0,21,0,145,1,1
5,2,22,13,147,86,7,6,0.61,5,2,22,12,146,80,1
5,2,22,13,152,91,8,4,0.33,5,2,22,13,152,91,1
5,1,19,2,128,17,5,4,1.0,5,2,22,10,152,75,1
5,0,21,2,142,12,4,4,5.0,5,0,21,2,141,12,1
4,0,15,0,99,2,7,5,3.06,4,0,15,0,99,2,1
5,2,22,9,152,69,12,6,9900.31,5,2,22,9,152,69,1
4,1,15,6,103,42,6,5,10.82,4,1,16,7,104,43,1
3,0,13,1,84,8,4,4,5.01,3,0,13,1,88,12,1
4,0,16,0,108,0,16,8,5.1,4,0,16,0,108,0,1
3,0,10,1,67,6,39,11,2019.59,3,0,10,1,67,6,1
3,0,11,2,74,13,14,8,460.91,3,0,11,2,73,12,1
5,2,22,13,151,90,6,4,2.01,5,2,22,13,151,90,1
5,2,22,13,152,91,5,3,56.31,5,2,22,13,152,91,1
3,0,13,3,84,17,11,9,1.41,3,0,13,2,84,12,1
3,0,12,1,82,9,155,31,100.0,3,0,12,1,82,9,1
3,0,11,0,74,2,29,15,0.05,3,0,12,1,77,5,1
3,0,11,1,69,4,34,12,50.2,3,0,11,1,69,4,1
5,1,21,7,142,46,54,21,5168.23,5,1,21,7,142,46,1
4,1,17,8,114,53,4,4,2.03,4,1,17,8,113,52,1
5,2,21,10,144,74,10,9,15236.44,5,2,19,7,125,49,1
4,0,15,0,103,1,9,6,1.58,4,0,16,1,106,4,1
5,2,22,13,149,88,7,3,1.05,5,2,22,13,147,86,1
5,2,21,11,141,73,7,6,1843.97,5,2,21,11,141,74,1
5,2,19,6,127,43,12,8,0.1,5,2,19,7,127,47,1
5,2,22,13,152,91,14,3,1.68,5,2,22,12,152,86,1
3,0,12,2,81,14,8,5,69.28,3,0,12,2,81,14,1
3,0,13,2,85,12,4,5,87.07,3,0,13,3,86,19,1
4,0,16,1,110,7,34,14,8.23,4,1,18,5,120,35,1
5,0,21,0,141,1,8,8,10.54,5,0,21,1,141,8,1
3,0,10,0,68,2,8,6,0.1,3,0,10,0,68,2,1
4,1,14,4,95,30,42,12,3022.14,4,1,17,5,112,36,1
5,2,22,13,152,91,4,3,10.09,5,2,22,13,152,91,1
3,0,11,0,71,1,14,10,176.61,3,0,11,0,71,1,1
5,2,21,12,139,78,32,20,31.66,5,2,20,11,137,76,1
5,0,22,0,152,6,5,5,18.88,5,0,22,0,151,5,1
5,2,22,12,148,81,8,8,9.78,5,2,20,10,138,71,1
4,0,16,0,109,0,48,14,26.76,4,0,16,0,109,0,1
5,2,21,8,140,53,25,10,394.45,4,1,17,4,113,26,1
4,1,16,6,106,44,16,8,0.4,4,1,16,6,106,44,1
5,0,21,1,144,12,31,10,10.0,5,0,21,1,144,12,1
4,0,15,1,101,7,8,6,2.25,4,0,14,0,96,2,1
5,2,19,9,126,59,6,5,1.69,5,2,20,10,133,66,1
4,1,14,1,92,5,21,12,83.0,4,1,14,1,92,5,1
4,1,15,6,100,39,9,8,106.62,4,1,16,6,104,42,1
5,1,20,4,136,32,14,13,0.6,5,1,20,5,138,38,1
5,2,22,11,152,83,6,4,29.03,5,2,22,11,151,81,1
5,2,19,7,127,51,19,10,7.86,5,2,19,7,127,45,1
5,2,19,9,125,59,196,25,1.0,4,1,14,4,92,26,1
4,1,14,5,94,33,90,19,68.77,4,1,14,5,94,33,1
4,1,17,8,115,54,8,6,5.09,4,1,17,8,115,54,1
3,0,12,3,80,19,15,13,0.3,3,0,12,2,80,18,1
5,2,20,11,137,76,72,21,310.0,5,2,20,11,137,76,1
5,0,20,1,137,6,26,9,1.44,5,0,20,1,137,6,1
5,2,22,12,150,83,9,6,5.46,5,2,21,11,145,78,1
5,0,19,1,126,3,20,10,10.0,5,0,19,1,130,7,1
5,0,20,1,132,1,30,14,30.0,5,0,20,1,132,1,1
4,1,17,6,113,42,10,8,4.73,4,1,17,6,112,41,1
5,2,21,8,144,57,12,8,4.9,5,2,21,8,139,55,1
3,0,13,3,86,20,6,5,2.37,3,0,13,3,87,21,1
5,2,21,11,143,76,10,7,2.34,5,2,21,11,141,76,1
4,1,17,7,117,55,90,21,330.47,4,1,18,8,121,59,1
5,2,21,8,140,57,71,22,1.07,5,2,20,7,136,53,1
5,0,21,0,144,2,49,18,5.33,5,0,21,1,144,8,1
5,2,22,13,148,87,15,8,1.0,5,2,22,13,148,87,1
5,2,22,12,150,83,5,4,12.92,5,2,20,10,136,74,1
4,0,14,0,93,0,13,9,1.0,4,0,15,1,99,6,1
5,1,22,6,149,42,93,22,123.1,5,2,22,12,151,85,1
5,2,22,12,151,89,3,3,7000.26,5,2,21,11,145,78,1
4,1,17,7,112,48,43,13,1.0,5,2,18,8,124,60,1
5,0,20,1,137,7,4,4,1.06,5,0,20,0,135,3,1
5,2,22,13,152,91,8,6,7723.57,5,2,22,13,151,90,1
5,2,22,13,151,90,17,8,2026.66,5,2,22,13,150,89,1
5,2,22,13,149,88,12,7,536.88,5,2,22,12,149,87,1
5,2,19,9,131,67,15,8,0.09,5,2,20,9,135,65,1
3,0,13,2,86,11,8,6,116.74,3,0,13,2,86,11,1
4,1,17,7,114,49,21,14,5.68,4,1,17,7,114,49,1
4,1,17,8,112,51,34,18,1.03,4,1,17,8,112,51,1
5,2,19,9,126,61,7,7,508.69,3,0,13,3,85,19,1
5,0,22,0,149,0,22,9,5.0,5,0,22,0,149,0,1
5,2,19,8,125,51,5,5,2.56,5,2,18,7,123,49,1
3,0,12,3,77,16,11,9,1.87,3,0,11,2,74,13,1
5,0,22,2,152,20,47,19,1233.23,5,0,22,3,152,21,1
5,2,22,13,150,89,7,3,2.93,5,2,22,12,150,88,1
5,2,22,12,151,89,9,9,1820.94,5,2,22,12,147,79,1
3,0,13,3,85,22,74,23,68.03,3,0,13,3,85,22,1
3,0,13,1,83,2,4,4,1.12,3,0,13,1,86,5,1
5,2,22,11,151,80,3,2,90.14,5,2,22,11,151,79,1
3,0,14,4,91,29,6,4,17901.69,3,0,13,2,87,17,1
4,0,15,1,98,2,24,12,15.0,4,0,15,1,98,2,1
5,1,21,7,142,49,4,4,0.07,5,1,19,5,130,38,1
4,0,18,1,118,2,20,9,8.32,4,0,18,1,118,2,1
5,2,22,12,152,89,50,14,5.25,5,2,22,11,151,81,1
3,0,10,0,66,1,15,10,2.32,3,0,10,0,66,3,1
4,0,17,3,114,18,3,2,5031.13,4,0,17,3,114,19,1
5,2,22,13,151,90,19,11,777.53,5,2,22,12,151,89,1
5,2,22,12,152,89,19,9,3816.68,5,2,21,11,145,83,1
5,2,19,8,127,56,32,16,0.1,5,2,19,8,130,59,1
3,0,12,2,80,16,45,16,0.4,3,0,12,2,82,18,1
5,0,22,0,152,5,125,21,12.01,5,0,22,0,152,5,1
4,1,18,8,121,56,567,62,1.07,4,1,18,8,121,56,1
5,2,20,11,133,72,8,5,16.0,5,2,21,12,140,79,1
3,0,11,1,74,10,9,6,20.69,3,0,11,1,71,7,1
5,0,21,0,142,1,27,9,2.0,5,0,21,0,142,1,1
4,0,16,0,107,0,7,4,7200.66,4,0,16,0,107,0,1
5,2,21,10,142,72,15,10,0.4,5,2,21,10,142,72,1
5,1,22,7,147,45,569,65,1.0,5,1,22,7,147,46,1
3,0,11,0,74,1,30,12,2.04,3,0,11,0,73,0,1
5,2,22,13,152,91,5,4,16.8,5,2,22,13,152,91,1
4,1,17,8,113,52,16,8,5.28,4,1,17,8,113,52,1
4,1,15,5,101,35,6,5,0.84,4,1,15,5,101,35,1
5,2,22,13,148,87,13,11,1.86,5,2,22,13,148,87,1
5,2,21,12,145,84,5,5,15.91,5,2,21,12,145,84,1
4,1,16,6,109,42,34,13,2.92,4,1,16,6,110,43,1
5,0,19,0,130,0,40,16,15.49,5,0,19,0,130,1,1
3,0,13,2,85,10,5,5,1.0,3,0,13,2,85,10,1
4,0,17,0,114,2,4,3,21.64,4,0,17,0,116,4,1
3,0,12,1,81,8,6,4,850.78,3,0,12,1,76,4,1
5,2,22,12,150,82,270,38,3.86,5,2,22,11,150,80,1
5,2,19,7,126,49,6,5,14.19,5,1,19,3,126,16,1
5,0,20,0,136,2,59,12,100.0,5,0,20,0,136,0,1
3,0,11,1,69,7,11,7,21.0,3,0,11,1,69,7,1
3,0,12,1,78,5,7,5,20.0,3,0,11,0,73,0,1
5,1,18,1,123,10,28,15,10.0,5,1,18,1,122,9,1
4,0,14,0,96,0,29,12,8.0,4,0,14,0,96,0,1
5,1,22,7,151,53,59,23,500.0,5,1,22,7,151,54,1
4,0,17,1,116,11,22,10,10.24,4,0,17,1,116,11,1
5,2,21,12,139,78,7,6,6.9,5,2,22,9,152,64,1
3,0,12,2,79,11,5,5,100.67,4,1,15,5,97,29,1
4,1,15,5,101,38,26,14,0.42,4,1,16,6,104,41,1
5,0,22,2,146,12,5,5,501.0,5,0,22,2,146,12,1
4,1,17,6,111,36,10,7,1.0,3,0,12,1,76,1,1
3,0,14,4,91,28,5,4,0.04,4,1,17,4,112,24,1
5,2,22,13,148,87,19,10,68.26,5,2,21,11,145,80,1
4,1,15,5,101,36,10,9,4.64,4,1,16,6,108,43,1
5,0,22,4,149,27,5,5,0.04,5,0,21,0,142,0,1
3,0,12,2,82,17,2,3,500.89,3,0,12,2,81,16,1
4,0,16,0,106,0,15,7,3.27,4,0,16,0,106,0,1
5,0,20,0,138,2,8,6,10.0,5,0,20,0,138,2,1
5,2,22,12,152,90,12,7,5.0,5,2,22,12,147,85,1
5,2,22,12,152,88,73,18,23.64,5,2,22,13,152,91,1
4,1,15,4,100,30,6,5,539.87,4,1,15,4,100,30,1
3,0,13,2,84,14,9,6,0.07,3,0,13,0,84,1,1
3,0,12,3,79,18,11,10,1.0,3,0,12,3,80,19,1
5,2,20,10,136,71,13,9,5.0,5,0,20,1,136,5,1
5,0,22,0,147,0,18,10,6.02,5,0,22,0,147,0,1
5,2,22,13,152,91,8,5,2.23,5,2,22,13,152,91,1
5,2,18,7,123,53,8,6,5.0,5,2,18,7,124,54,1
4,1,16,5,109,39,16,8,2.38,4,1,17,6,111,41,1
5,2,22,10,152,75,11,5,96.07,5,2,22,11,146,77,1
4,1,17,6,115,42,17,11,1316.33,4,0,17,0,115,0,1
4,1,18,8,121,58,14,10,1.0,4,1,18,8,121,58,1
5,0,18,0,124,0,5,5,17801.83,5,0,18,0,124,0,1
4,0,18,0,119,0,5,4,10.0,4,0,18,0,119,0,1
5,1,18,0,123,5,7,5,2.05,4,0,18,0,120,2,1
5,2,22,9,151,68,2,2,2792.48,5,2,22,9,152,69,1
4,1,18,8,121,59,5,5,0.37,4,1,17,7,113,51,1
5,0,20,1,133,8,12,8,36.0,5,0,20,1,133,8,1
5,2,22,13,152,91,11,5,1.62,5,2,22,13,152,91,1
5,2,19,7,131,55,6,5,1.07,5,2,20,8,136,60,1
5,2,22,13,152,91,33,13,1.67,5,2,22,12,152,90,1
4,0,15,1,103,9,203,30,80.58,4,1,15,2,103,19,1
3,0,13,2,88,19,11,8,10.72,3,0,13,2,89,20,1
5,2,21,12,142,81,9,7,2496.36,3,0,10,1,67,6,1
5,2,18,7,124,53,6,5,33.9,5,0,18,0,124,0,1
3,0,13,0,84,0,15,10,1.66,3,0,13,0,86,2,1
5,2,22,13,152,91,24,11,68.37,5,2,22,13,152,91,1
4,1,14,5,96,35,21,9,5.0,4,1,14,5,93,32,1
3,0,14,3,91,18,3,3,19046.53,3,0,14,3,91,18,1
5,2,22,12,148,86,6,5,1.95,5,2,22,12,148,86,1
5,2,22,13,152,91,23,15,10289.02,5,2,22,12,151,84,1
5,2,21,10,145,70,4,3,1432.31,5,2,21,10,145,70,1
4,1,16,3,106,23,11,8,36086.08,4,1,16,4,106,24,1
3,0,14,4,91,25,5,5,26.75,3,0,13,2,89,15,1
5,2,22,12,148,86,15,10,5.73,5,2,22,12,149,87,1
3,0,14,5,91,30,7,6,3781.03,4,1,15,6,102,41,1
5,1,21,6,143,45,3,3,3.81,5,1,21,6,143,45,1
5,2,22,12,152,90,32,18,4.5,5,2,22,12,152,90,1
4,1,15,6,98,37,22,12,301.4,4,1,15,5,98,31,1
5,0,21,2,142,14,22,8,5.0,5,0,21,2,142,14,1
3,0,13,1,88,12,5,4,10.57,3,0,12,0,79,3,1
3,0,10,1,68,7,8,6,11.59,3,0,10,0,68,6,1
3,0,11,1,70,7,15,9,2.79,3,0,11,1,70,7,1
5,2,22,12,152,90,10,5,625.13,5,2,22,13,152,91,1
3,0,14,4,91,26,6,6,16.0,3,0,13,3,88,23,1
5,2,22,13,151,90,11,7,83.0,5,2,22,13,151,90,1
4,1,17,8,115,54,14,11,14.13,4,1,17,6,115,46,1
3,0,10,1,62,1,11,6,1.02,3,0,10,1,62,1,1
5,2,22,11,151,77,9,8,593.47,5,2,22,9,152,64,1
5,2,22,12,151,89,11,7,120.0,5,2,22,13,149,88,1
4,1,18,8,121,53,8,7,2.36,5,2,19,9,129,61,1
5,2,22,13,151,90,28,10,1.25,5,2,22,13,152,91,1
5,2,21,12,143,82,9,7,8.43,5,2,21,12,143,82,1
5,2,22,12,149,83,4,3,10.62,5,2,22,12,149,83,1
4,1,18,5,119,34,5,5,109.42,4,1,18,5,119,34,1
5,2,19,8,127,55,35,13,0.1,5,2,19,8,127,55,1
5,2,22,13,152,91,26,14,109.97,5,2,22,13,152,91,1
5,2,20,10,138,76,25,13,11.0,5,2,21,11,141,79,1
5,2,19,9,127,65,9,6,0.4,5,2,19,9,127,64,1
4,1,17,6,117,46,22,9,11.08,5,2,19,8,131,60,1
3,0,13,0,88,1,34,14,3.0,3,0,13,0,87,0,1
3,0,12,3,76,15,57,17,3.32,3,0,10,1,62,1,1
5,1,19,1,128,8,13,7,102.67,5,1,19,1,128,8,1
3,0,11,1,72,9,11,8,1873.66,3,0,11,0,75,3,1
5,2,22,12,152,90,12,8,6.28,5,2,22,13,152,91,1
4,1,14,2,94,12,15,7,0.9,3,0,12,0,82,0,1
5,2,19,10,127,66,6,4,0.55,5,2,19,9,127,62,1
4,1,17,8,112,51,16,9,1.62,4,1,17,8,113,52,1
5,2,20,11,133,72,32,13,1.47,5,2,20,11,132,71,1
3,0,10,0,66,3,375,50,121.75,3,0,10,0,66,3,1
4,1,17,7,116,54,30,14,2.14,4,1,18,9,121,60,1
5,2,22,11,147,76,7,7,316.46,5,2,22,10,147,66,1
5,1,22,6,152,46,6,5,67.38,5,1,22,6,152,46,1
5,2,21,11,145,82,37,12,101.15,5,2,21,11,145,82,1
5,2,22,13,152,91,4,4,503.71,5,2,22,9,146,59,1
5,0,19,0,128,2,7,6,5.86,5,0,21,2,139,13,1
3,0,13,3,86,24,8,7,1.9,3,0,13,3,86,24,1
5,2,19,9,129,67,93,30,316.09,5,2,19,8,129,58,1
5,2,21,9,144,65,6,4,0.34,5,1,22,8,151,57,1
3,0,12,3,80,19,10,8,0.52,3,0,12,3,82,21,1
5,2,22,11,146,73,27,13,0.02,5,2,22,11,147,74,1
4,1,18,9,121,60,14,10,3.17,4,1,18,9,121,60,1
4,1,14,4,93,31,7,6,0.57,4,1,15,5,97,35,1
3,0,13,4,84,23,49,16,61.0,3,0,13,4,89,28,1
4,1,14,4,96,29,4,4,50.08,3,0,14,4,91,24,1
5,2,21,12,144,83,16,11,0.28,5,2,21,11,141,79,1
4,1,15,6,97,36,37,14,9.49,4,1,15,6,102,41,1
4,0,16,1,104,1,11,6,5889.4,4,0,16,0,104,0,1
5,0,19,1,125,1,51,14,1.19,5,0,19,1,126,3,1
5,0,22,1,148,3,707,55,100.0,5,0,22,1,148,3,1
5,1,21,4,143,27,7,7,2.21,5,1,21,4,143,27,1
5,2,21,11,142,80,13,8,21830.38,3,0,12,2,80,18,1
5,2,22,13,152,91,13,8,99.5,5,2,22,11,152,83,1
3,0,13,0,84,0,7,7,5.0,4,1,14,1,95,11,1
5,2,20,10,132,64,23,11,1187.81,5,2,19,9,127,60,1
5,2,21,10,142,73,10,7,35272.4,5,2,20,10,138,73,1
4,0,18,2,119,9,66,24,2.01,4,0,18,2,119,10,1
5,1,21,6,143,44,4,4,1.46,5,1,21,6,143,44,1
3,0,12,1,80,5,5,5,115.06,3,0,12,0,80,0,1
5,2,22,12,151,85,9,8,0.44,5,2,22,12,150,84,1
3,0,13,0,87,3,5,4,22554.1,3,0,13,0,86,0,1
3,0,13,0,89,1,9,4,5.11,3,0,13,0,89,3,1
4,0,17,0,115,3,4,4,100.45,4,0,17,1,115,5,1
4,1,15,2,101,18,8,7,2.27,4,1,15,3,101,23,1
4,1,16,6,106,43,15,8,10.48,4,1,16,6,106,43,1
5,2,19,7,131,52,44,18,5.54,5,2,19,7,131,52,1
3,0,12,3,78,17,10,6,1980.02,3,0,11,2,75,14,1
5,2,20,11,133,72,86,23,1440.12,4,1,15,6,97,36,1
5,2,22,12,152,85,56,27,1.67,5,2,22,12,150,83,1
4,1,18,9,120,59,11,8,50.28,4,1,18,8,120,52,1
5,2,18,9,124,63,10,8,31.13,4,1,18,9,120,59,1
5,0,19,1,127,5,1222,87,406.0,5,0,19,1,127,5,1
4,1,16,3,105,18,17,7,3.79,4,1,16,3,105,18,1
5,2,20,10,132,70,11,9,4.14,5,2,20,10,132,70,1
4,1,15,4,97,23,12,7,51.2,4,1,14,3,94,20,1
3,0,13,3,85,21,6,4,7603.54,3,0,13,0,85,0,1
3,0,12,2,77,15,33,13,161.78,3,0,12,2,77,15,1
5,2,21,11,141,76,16,12,0.4,5,2,20,11,135,74,1
5,2,21,11,141,79,9,7,10.55,5,2,21,11,141,75,1
5,2,20,8,138,61,15,11,2.0,5,2,22,10,146,69,1
3,0,12,0,76,0,2,2,3000.03,3,0,12,0,76,0,1
5,2,20,11,133,72,14,11,7.34,5,2,19,8,125,54,1
5,2,19,9,126,63,24,10,1.54,5,2,19,9,127,64,1
4,0,16,0,110,0,20,10,1807.65,4,0,16,0,110,0,1
5,0,20,1,132,4,12,8,5.03,5,0,19,0,128,0,1
5,2,19,10,125,64,21,13,104313.27,5,2,18,9,122,61,1
5,2,19,10,127,66,34,13,4.86,5,2,19,10,127,66,1
5,0,22,0,152,1,35,12,50.19,5,0,22,0,152,1,1
5,2,21,11,143,81,12,10,0.81,5,2,21,11,143,81,1
